	CustomerID	StockCode	Quantity
0	12346	12346	1
1	12347	12347	2458
2	12348	12348	2341
3	12349	12349	631
4	12350	12350	197
5	12352	12352	470
6	12353	12353	20
7	12354	12354	530
8	12355	12355	240
9	12356	12356	1591
10	12357	12357	2708
11	12358	12358	248
12	12359	12359	1612
13	12360	12360	1165
14	12361	12361	91
15	12362	12362	2212
16	12363	12363	408
17	12364	12364	1506
18	12365	12365	173
19	12367	12367	173
20	12370	12370	2353
21	12371	12371	591
22	12372	12372	794
23	12373	12373	197
24	12374	12374	342
25	12375	12375	177
26	12377	12377	944
27	12378	12378	2529
28	12379	12379	406
29	12380	12380	1126
30	12381	12381	783
31	12383	12383	1529
32	12384	12384	121
33	12386	12386	354
34	12388	12388	1462
35	12390	12390	353
36	12391	12391	300
37	12393	12393	816
38	12394	12394	819
39	12395	12395	2113
40	12397	12397	1263
41	12398	12398	1394
42	12399	12399	1178
43	12401	12401	11
44	12402	12402	94
45	12403	12403	95
46	12405	12405	857
47	12406	12406	1809
48	12407	12407	1416
49	12408	12408	1399
50	12409	12409	5543
51	12410	12410	209
52	12412	12412	829
53	12413	12413	282
54	12414	12414	300
55	12415	12415	77242
56	12417	12417	1539
57	12418	12418	407
58	12420	12420	345
59	12421	12421	483
60	12422	12422	370
61	12423	12423	1327
62	12424	12424	740
63	12425	12425	496
64	12426	12426	258
65	12427	12427	236
66	12428	12428	3503
67	12429	12429	1557
68	12430	12430	117
69	12431	12431	2868
70	12432	12432	1801
71	12433	12433	11071
72	12434	12434	373
73	12435	12435	2055
74	12436	12436	211
75	12437	12437	2918
76	12438	12438	1180
77	12441	12441	121
78	12442	12442	182
79	12444	12444	1155
80	12445	12445	62
81	12446	12446	352
82	12447	12447	190
83	12448	12448	243
84	12449	12449	1553
85	12450	12450	128
86	12451	12451	6455
87	12452	12452	183
88	12453	12453	473
89	12454	12454	1
90	12455	12455	2089
91	12456	12456	1616
92	12457	12457	695
93	12458	12458	506
94	12461	12461	287
95	12462	12462	514
96	12463	12463	757
97	12464	12464	112
98	12465	12465	475
99	12468	12468	364
100	12471	12471	7965
101	12472	12472	4020
102	12473	12473	2363
103	12474	12474	4764
104	12475	12475	535
105	12476	12476	2337
106	12477	12477	3620
107	12478	12478	236
108	12479	12479	351
109	12480	12480	1707
110	12481	12481	3290
111	12483	12483	1097
112	12484	12484	2185
113	12488	12488	529
114	12489	12489	105
115	12490	12490	3064
116	12491	12491	260
117	12492	12492	192
118	12493	12493	206
119	12494	12494	690
120	12497	12497	1236
121	12498	12498	159
122	12500	12500	2671
123	12501	12501	1722
124	12502	12502	820
126	12504	12504	51
128	12506	12506	23
129	12507	12507	894
130	12508	12508	272
131	12509	12509	55
132	12510	12510	353
133	12512	12512	99
134	12513	12513	456
135	12514	12514	440
136	12515	12515	131
137	12516	12516	875
138	12517	12517	1348
139	12518	12518	1318
140	12519	12519	183
141	12520	12520	1430
142	12521	12521	309
143	12522	12522	194
144	12523	12523	861
145	12524	12524	3699
146	12526	12526	632
147	12527	12527	234
148	12528	12528	750
149	12530	12530	900
150	12531	12531	45
151	12532	12532	153
152	12534	12534	651
153	12535	12535	219
154	12536	12536	2652
155	12538	12538	191
156	12539	12539	2066
157	12540	12540	6677
158	12541	12541	680
159	12544	12544	132
160	12545	12545	523
161	12546	12546	617
162	12547	12547	134
163	12548	12548	49
164	12550	12550	569
165	12551	12551	100
166	12552	12552	88
167	12553	12553	1924
168	12556	12556	358
169	12557	12557	4384
170	12558	12558	1
171	12559	12559	281
172	12560	12560	1078
173	12561	12561	177
174	12562	12562	1779
175	12564	12564	133
176	12565	12565	75
177	12566	12566	264
178	12567	12567	4089
179	12569	12569	1793
180	12571	12571	523
181	12572	12572	450
182	12573	12573	84
183	12574	12574	61
184	12576	12576	964
185	12577	12577	466
186	12578	12578	1171
187	12579	12579	278
188	12580	12580	238
189	12581	12581	161
190	12582	12582	300
191	12583	12583	5009
192	12584	12584	354
193	12585	12585	1258
194	12586	12586	77
195	12587	12587	51
196	12588	12588	53
197	12589	12589	306
198	12590	12590	4279
199	12591	12591	228
200	12592	12592	290
201	12593	12593	206
202	12594	12594	1776
203	12596	12596	474
204	12597	12597	2187
205	12598	12598	1940
206	12599	12599	956
207	12600	12600	773
208	12601	12601	244
209	12602	12602	162
210	12603	12603	64
211	12604	12604	201
213	12607	12607	1
214	12609	12609	648
215	12610	12610	1028
216	12611	12611	846
217	12612	12612	251
218	12613	12613	1596
219	12614	12614	76
220	12615	12615	1376
221	12616	12616	273
222	12617	12617	213
223	12618	12618	96
224	12619	12619	3354
225	12620	12620	1181
226	12621	12621	7404
227	12622	12622	69
228	12623	12623	191
229	12624	12624	355
230	12625	12625	1577
231	12626	12626	3350
232	12627	12627	2752
233	12628	12628	445
234	12630	12630	548
235	12631	12631	236
236	12633	12633	1149
237	12635	12635	1172
238	12637	12637	2990
239	12638	12638	577
240	12639	12639	201
241	12640	12640	311
242	12641	12641	72
243	12642	12642	552
244	12643	12643	1808
245	12644	12644	325
246	12645	12645	1072
247	12646	12646	897
248	12647	12647	1420
249	12648	12648	160
250	12649	12649	574
251	12650	12650	254
252	12651	12651	78
253	12652	12652	502
254	12653	12653	919
255	12654	12654	264
256	12656	12656	1708
257	12657	12657	654
258	12658	12658	320
259	12659	12659	105
260	12660	12660	127
261	12662	12662	2040
262	12664	12664	1202
263	12665	12665	36
265	12667	12667	395
266	12668	12668	1595
267	12669	12669	1114
268	12670	12670	1391
269	12672	12672	78
270	12673	12673	351
271	12674	12674	1102
272	12676	12676	670
273	12678	12678	10899
274	12679	12679	530
275	12680	12680	443
276	12681	12681	7518
277	12682	12682	5575
278	12683	12683	4903
279	12684	12684	1985
280	12685	12685	1523
281	12686	12686	107
282	12688	12688	3028
283	12689	12689	628
284	12690	12690	106
285	12691	12691	394
286	12693	12693	250
287	12694	12694	509
288	12695	12695	220
289	12697	12697	499
290	12700	12700	2963
291	12701	12701	678
292	12702	12702	53
293	12703	12703	161
294	12704	12704	1003
295	12705	12705	3973
296	12707	12707	256
297	12708	12708	1270
298	12709	12709	3832
299	12710	12710	849
300	12712	12712	1044
301	12713	12713	508
302	12714	12714	3069
303	12715	12715	197
304	12716	12716	708
305	12717	12717	505
306	12718	12718	203
307	12719	12719	361
308	12720	12720	4654
309	12721	12721	1954
310	12722	12722	560
311	12723	12723	434
312	12724	12724	445
313	12725	12725	164
314	12726	12726	3143
315	12727	12727	2085
316	12728	12728	419
317	12729	12729	233
318	12731	12731	8366
319	12732	12732	111
320	12733	12733	137
321	12734	12734	88
322	12735	12735	368
323	12736	12736	173
324	12738	12738	148
325	12739	12739	486
326	12740	12740	342
327	12743	12743	319
328	12744	12744	5234
329	12747	12747	1275
330	12748	12748	24210
331	12749	12749	1422
332	12750	12750	137
333	12752	12752	2262
334	12753	12753	11250
335	12754	12754	6479
336	12755	12755	866
337	12756	12756	144
338	12757	12757	2385
339	12758	12758	2135
340	12759	12759	902
341	12762	12762	1227
342	12763	12763	316
343	12764	12764	386
344	12766	12766	3646
345	12769	12769	356
346	12770	12770	743
347	12772	12772	556
348	12775	12775	853
349	12778	12778	824
350	12779	12779	1996
351	12781	12781	592
352	12782	12782	1070
353	12783	12783	622
354	12784	12784	300
355	12785	12785	128
356	12787	12787	261
357	12789	12789	4
358	12790	12790	166
359	12791	12791	97
360	12792	12792	217
361	12793	12793	295
362	12794	12794	592
363	12795	12795	68
364	12797	12797	79
365	12798	12798	5256
366	12802	12802	302
367	12808	12808	188
368	12809	12809	219
369	12811	12811	230
370	12812	12812	164
371	12814	12814	49
372	12815	12815	379
373	12816	12816	128
374	12817	12817	53
375	12818	12818	923
376	12820	12820	722
377	12821	12821	70
378	12822	12822	548
379	12823	12823	230
380	12824	12824	232
381	12826	12826	1054
382	12827	12827	197
383	12828	12828	494
384	12829	12829	375
385	12830	12830	9847
386	12831	12831	135
387	12832	12832	195
388	12833	12833	156
389	12834	12834	110
390	12836	12836	1064
391	12837	12837	24
392	12838	12838	359
393	12839	12839	3804
394	12840	12840	1505
395	12841	12841	2683
396	12842	12842	547
397	12843	12843	753
398	12844	12844	125
399	12845	12845	204
400	12847	12847	909
401	12849	12849	623
402	12851	12851	109
403	12852	12852	145
404	12853	12853	782
405	12854	12854	622
406	12855	12855	30
407	12856	12856	1076
408	12857	12857	343
409	12863	12863	186
410	12864	12864	216
411	12865	12865	877
412	12866	12866	171
413	12867	12867	4274
414	12868	12868	928
416	12871	12871	200
417	12872	12872	319
418	12873	12873	128
419	12875	12875	2019
420	12876	12876	1941
421	12877	12877	1178
422	12878	12878	536
423	12879	12879	363
424	12881	12881	21
425	12882	12882	246
426	12883	12883	196
427	12884	12884	43
428	12885	12885	654
429	12886	12886	761
430	12888	12888	68
431	12890	12890	259
432	12891	12891	950
433	12893	12893	96
434	12895	12895	204
435	12897	12897	110
436	12901	12901	20915
437	12902	12902	66
438	12904	12904	302
439	12906	12906	1749
440	12908	12908	1
441	12909	12909	1270
442	12910	12910	1692
443	12912	12912	670
444	12913	12913	1419
445	12915	12915	93
446	12916	12916	1111
447	12917	12917	120
448	12919	12919	668
449	12920	12920	129
450	12921	12921	9454
451	12922	12922	370
452	12923	12923	69
453	12924	12924	480
454	12925	12925	541
455	12928	12928	1472
456	12929	12929	36
457	12930	12930	250
458	12931	12931	23377
459	12933	12933	498
460	12935	12935	1852
461	12936	12936	539
462	12937	12937	1007
463	12938	12938	140
464	12939	12939	4876
465	12940	12940	406
466	12942	12942	203
468	12944	12944	289
469	12945	12945	165
470	12947	12947	1157
471	12948	12948	1077
472	12949	12949	2363
473	12950	12950	1380
474	12951	12951	500
475	12952	12952	652
476	12953	12953	84
477	12955	12955	3642
478	12956	12956	34
479	12957	12957	2531
480	12962	12962	129
481	12963	12963	873
482	12965	12965	283
483	12966	12966	75
484	12967	12967	243
485	12968	12968	73
486	12970	12970	310
487	12971	12971	9203
488	12974	12974	24
489	12976	12976	561
490	12977	12977	12
491	12980	12980	864
492	12981	12981	242
493	12982	12982	278
494	12984	12984	26
495	12985	12985	1413
496	12987	12987	217
497	12988	12988	136
498	12989	12989	2915
499	12990	12990	200
500	12991	12991	405
501	12993	12993	240
502	12994	12994	440
503	12995	12995	98
504	12997	12997	648
505	12999	12999	342
506	13000	13000	379
507	13001	13001	5497
508	13002	13002	73
509	13003	13003	103
510	13004	13004	4796
511	13005	13005	167
512	13006	13006	55
513	13008	13008	115
514	13011	13011	13
515	13012	13012	671
516	13013	13013	2217
517	13014	13014	886
518	13015	13015	1617
519	13016	13016	527
520	13017	13017	48
521	13018	13018	5434
522	13021	13021	1336
523	13023	13023	286
524	13026	13026	1586
525	13027	13027	17280
526	13028	13028	796
527	13029	13029	134
528	13030	13030	394
529	13032	13032	367
530	13033	13033	83
531	13034	13034	369
532	13035	13035	627
533	13037	13037	431
534	13038	13038	360
535	13040	13040	355
536	13043	13043	251
537	13044	13044	429
538	13045	13045	221
539	13046	13046	264
540	13047	13047	1355
541	13048	13048	1230
542	13049	13049	268
543	13050	13050	3707
544	13052	13052	222
545	13055	13055	891
546	13058	13058	52
547	13059	13059	35
548	13060	13060	123
549	13061	13061	107
550	13062	13062	343
551	13064	13064	516
552	13065	13065	74
553	13066	13066	320
554	13067	13067	32
555	13068	13068	200
556	13069	13069	5466
557	13070	13070	110
558	13072	13072	69
559	13075	13075	485
560	13077	13077	863
561	13078	13078	5557
562	13079	13079	62
563	13080	13080	120
564	13081	13081	19021
565	13082	13082	4313
566	13083	13083	187
567	13085	13085	108
568	13089	13089	30787
569	13090	13090	2194
570	13091	13091	450
571	13092	13092	271
572	13093	13093	3943
573	13094	13094	1542
574	13095	13095	144
575	13097	13097	2341
576	13098	13098	15911
577	13099	13099	288
578	13101	13101	113
579	13102	13102	4160
580	13103	13103	82
581	13104	13104	504
582	13106	13106	14
583	13107	13107	1288
584	13108	13108	298
585	13109	13109	514
586	13110	13110	384
587	13113	13113	2594
588	13115	13115	1534
589	13116	13116	290
590	13117	13117	945
591	13118	13118	389
592	13120	13120	12
593	13121	13121	227
594	13122	13122	585
595	13124	13124	2147
596	13126	13126	2130
597	13127	13127	127
598	13130	13130	32
599	13131	13131	443
600	13132	13132	20
601	13133	13133	32
602	13134	13134	1044
603	13135	13135	4300
604	13136	13136	1312
605	13137	13137	2225
606	13138	13138	473
607	13139	13139	2418
608	13140	13140	186
609	13141	13141	1547
610	13142	13142	258
611	13144	13144	21
612	13145	13145	142
613	13146	13146	154
614	13147	13147	144
615	13148	13148	1828
616	13149	13149	1280
617	13151	13151	361
618	13153	13153	418
620	13155	13155	497
621	13157	13157	1430
622	13158	13158	784
623	13159	13159	1045
624	13160	13160	56
625	13161	13161	29
626	13162	13162	1663
627	13165	13165	1376
628	13166	13166	214
629	13167	13167	785
630	13168	13168	680
631	13169	13169	272
632	13170	13170	147
633	13171	13171	227
634	13173	13173	277
635	13174	13174	1395
636	13176	13176	453
637	13177	13177	91
638	13178	13178	3570
639	13182	13182	201
640	13183	13183	2208
641	13184	13184	1662
642	13185	13185	12
643	13186	13186	804
644	13187	13187	95
645	13188	13188	25
646	13189	13189	842
647	13192	13192	595
648	13193	13193	50
649	13194	13194	26
650	13196	13196	1224
651	13198	13198	2645
652	13199	13199	6172
653	13200	13200	516
654	13203	13203	800
655	13207	13207	130
656	13208	13208	786
657	13209	13209	4232
658	13210	13210	316
659	13211	13211	874
660	13212	13212	309
661	13213	13213	1357
662	13216	13216	297
663	13217	13217	114
664	13218	13218	88
665	13220	13220	196
666	13221	13221	244
667	13223	13223	88
668	13224	13224	1512
669	13225	13225	3352
670	13226	13226	80
671	13227	13227	99
672	13228	13228	200
673	13229	13229	63
674	13230	13230	1544
675	13232	13232	778
676	13233	13233	1004
677	13235	13235	440
678	13236	13236	411
679	13238	13238	296
680	13239	13239	363
681	13240	13240	298
682	13242	13242	130
683	13243	13243	233
684	13244	13244	38
685	13245	13245	125
686	13246	13246	1552
687	13247	13247	328
688	13248	13248	305
689	13249	13249	546
690	13253	13253	1572
691	13255	13255	174
692	13256	13256	12540
693	13258	13258	287
694	13259	13259	132
695	13260	13260	142
696	13261	13261	210
697	13262	13262	125
698	13263	13263	4780
699	13265	13265	1752
700	13266	13266	4299
701	13267	13267	1939
702	13268	13268	3635
703	13269	13269	3509
704	13270	13270	200
705	13271	13271	181
706	13272	13272	96
707	13273	13273	153
708	13276	13276	161
709	13277	13277	176
710	13278	13278	537
711	13279	13279	70
712	13280	13280	522
713	13282	13282	289
714	13283	13283	90
715	13284	13284	79
716	13285	13285	2051
717	13291	13291	233
718	13292	13292	347
719	13294	13294	453
720	13295	13295	81
721	13296	13296	78
722	13297	13297	963
723	13298	13298	96
724	13299	13299	30
725	13300	13300	201
726	13301	13301	345
727	13302	13302	5
728	13304	13304	238
729	13305	13305	1232
730	13307	13307	4
731	13308	13308	840
732	13309	13309	1544
733	13310	13310	575
734	13311	13311	305
735	13313	13313	851
736	13314	13314	484
737	13316	13316	6947
738	13317	13317	1003
739	13318	13318	304
740	13319	13319	4686
741	13320	13320	1066
742	13321	13321	372
743	13322	13322	117
744	13323	13323	175
745	13324	13324	5200
746	13325	13325	240
747	13327	13327	1588
748	13328	13328	680
749	13329	13329	427
750	13330	13330	751
751	13332	13332	179
752	13334	13334	1774
753	13336	13336	559
754	13338	13338	247
755	13339	13339	326
756	13340	13340	5770
757	13341	13341	301
758	13343	13343	126
759	13344	13344	971
760	13345	13345	139
761	13347	13347	205
762	13348	13348	136
763	13349	13349	225
764	13350	13350	284
765	13351	13351	117
766	13352	13352	315
767	13354	13354	604
768	13355	13355	314
769	13356	13356	325
770	13357	13357	322
771	13358	13358	285
772	13359	13359	159
773	13362	13362	1379
774	13363	13363	710
775	13364	13364	1
776	13365	13365	1238
777	13366	13366	144
778	13368	13368	327
779	13369	13369	127
780	13370	13370	336
781	13372	13372	159
782	13373	13373	1651
783	13375	13375	441
784	13376	13376	493
785	13379	13379	601
786	13381	13381	2027
787	13382	13382	131
788	13384	13384	2415
789	13385	13385	281
790	13388	13388	281
791	13389	13389	429
792	13390	13390	224
793	13391	13391	4
794	13394	13394	2215
795	13395	13395	336
796	13396	13396	592
797	13397	13397	429
798	13398	13398	281
799	13402	13402	479
800	13403	13403	44
801	13404	13404	111
802	13405	13405	165
803	13408	13408	16119
804	13410	13410	513
805	13411	13411	72
806	13414	13414	1574
807	13416	13416	142
808	13417	13417	162
809	13418	13418	3839
810	13419	13419	275
811	13420	13420	88
812	13421	13421	1180
813	13422	13422	1321
814	13425	13425	1123
815	13426	13426	2224
816	13427	13427	545
817	13428	13428	156
818	13429	13429	1390
819	13430	13430	738
820	13431	13431	672
821	13434	13434	300
822	13435	13435	2125
823	13436	13436	76
824	13437	13437	1283
825	13439	13439	242
826	13441	13441	204
827	13447	13447	577
828	13448	13448	1638
829	13449	13449	222
830	13450	13450	1982
831	13451	13451	2143
832	13452	13452	2
833	13453	13453	134
834	13455	13455	345
835	13456	13456	756
836	13458	13458	5460
837	13460	13460	286
838	13461	13461	1170
839	13462	13462	61
840	13464	13464	403
841	13466	13466	258
842	13467	13467	584
843	13468	13468	2581
844	13470	13470	100
845	13471	13471	1590
846	13473	13473	260
847	13474	13474	132
848	13475	13475	1012
849	13476	13476	414
850	13477	13477	1018
851	13479	13479	133
852	13481	13481	1127
853	13482	13482	116
854	13483	13483	160
855	13484	13484	44
856	13485	13485	277
857	13486	13486	669
858	13487	13487	265
859	13488	13488	4512
860	13489	13489	560
861	13491	13491	903
862	13492	13492	408
863	13493	13493	380
864	13494	13494	162
865	13495	13495	814
866	13496	13496	329
867	13497	13497	159
868	13499	13499	1358
869	13500	13500	585
870	13501	13501	557
871	13502	13502	264
872	13503	13503	248
873	13504	13504	178
874	13505	13505	2461
875	13506	13506	321
876	13507	13507	1597
877	13508	13508	24
878	13509	13509	1106
879	13510	13510	1382
880	13512	13512	143
881	13513	13513	109
882	13514	13514	40
883	13515	13515	681
884	13516	13516	985
885	13517	13517	1360
886	13518	13518	392
887	13519	13519	22
888	13520	13520	1642
889	13521	13521	736
890	13522	13522	44
891	13523	13523	1745
892	13524	13524	324
893	13525	13525	394
894	13527	13527	1673
895	13529	13529	74
896	13531	13531	174
897	13532	13532	129
898	13533	13533	204
899	13534	13534	2876
900	13536	13536	2136
901	13538	13538	175
902	13539	13539	314
903	13544	13544	127
904	13546	13546	359
905	13548	13548	441
906	13549	13549	457
907	13551	13551	12
908	13552	13552	1386
909	13555	13555	2660
910	13557	13557	546
911	13558	13558	344
912	13560	13560	64
913	13561	13561	83
914	13562	13562	757
915	13563	13563	209
916	13564	13564	659
917	13565	13565	172
918	13566	13566	575
919	13568	13568	70
920	13569	13569	164
921	13570	13570	161
922	13571	13571	1759
923	13572	13572	534
924	13573	13573	303
925	13575	13575	449
926	13576	13576	2640
927	13577	13577	771
928	13579	13579	176
929	13581	13581	30
930	13583	13583	725
931	13584	13584	37
932	13587	13587	160
933	13588	13588	2573
934	13589	13589	114
935	13590	13590	1846
936	13591	13591	485
937	13592	13592	84
938	13593	13593	707
939	13594	13594	359
940	13596	13596	406
941	13598	13598	57
942	13599	13599	3169
943	13600	13600	324
944	13601	13601	548
945	13602	13602	267
946	13603	13603	164
947	13606	13606	279
948	13607	13607	290
949	13610	13610	514
950	13611	13611	762
951	13614	13614	570
952	13615	13615	183
953	13617	13617	300
954	13618	13618	246
955	13621	13621	343
956	13623	13623	286
957	13626	13626	209
958	13627	13627	1266
959	13629	13629	4372
960	13630	13630	1377
961	13631	13631	460
962	13632	13632	1036
963	13634	13634	704
964	13635	13635	677
965	13636	13636	586
966	13637	13637	409
967	13638	13638	93
968	13639	13639	800
969	13642	13642	173
970	13643	13643	273
971	13644	13644	2060
972	13645	13645	158
973	13647	13647	894
974	13649	13649	139
975	13650	13650	918
976	13651	13651	33
977	13652	13652	578
978	13654	13654	2182
979	13655	13655	605
980	13656	13656	490
981	13657	13657	209
982	13658	13658	1009
983	13659	13659	879
984	13662	13662	538
985	13663	13663	91
986	13666	13666	41
987	13667	13667	154
988	13668	13668	3637
989	13669	13669	237
990	13670	13670	282
992	13673	13673	119
993	13675	13675	330
994	13678	13678	924
995	13680	13680	1267
996	13681	13681	360
997	13682	13682	10
998	13684	13684	38
999	13685	13685	5056
1000	13686	13686	70
1001	13689	13689	512
1002	13690	13690	67
1003	13692	13692	1224
1005	13694	13694	61803
1006	13695	13695	1603
1007	13697	13697	177
1008	13699	13699	66
1009	13700	13700	2304
1010	13703	13703	10
1011	13704	13704	1528
1012	13705	13705	363
1013	13706	13706	189
1014	13707	13707	351
1015	13708	13708	306
1016	13709	13709	3501
1017	13710	13710	176
1018	13711	13711	140
1019	13712	13712	352
1020	13715	13715	555
1021	13716	13716	138
1022	13717	13717	1958
1023	13718	13718	173
1024	13719	13719	609
1025	13720	13720	501
1026	13721	13721	316
1027	13722	13722	1400
1028	13723	13723	43
1029	13725	13725	659
1030	13726	13726	1054
1031	13727	13727	162
1032	13728	13728	458
1033	13730	13730	488
1034	13731	13731	278
1035	13732	13732	498
1036	13735	13735	1083
1037	13736	13736	493
1038	13737	13737	125
1039	13739	13739	54
1040	13740	13740	425
1041	13741	13741	217
1042	13742	13742	1116
1043	13743	13743	1775
1044	13744	13744	1249
1045	13745	13745	486
1046	13747	13747	8
1047	13748	13748	439
1048	13750	13750	516
1049	13751	13751	152
1050	13752	13752	876
1051	13753	13753	512
1052	13754	13754	214
1053	13755	13755	1241
1054	13756	13756	3164
1055	13758	13758	1844
1056	13759	13759	287
1057	13760	13760	197
1058	13761	13761	642
1059	13762	13762	1
1060	13763	13763	725
1061	13764	13764	932
1062	13767	13767	7258
1063	13769	13769	1152
1064	13771	13771	1476
1065	13772	13772	546
1066	13774	13774	192
1067	13777	13777	12804
1068	13778	13778	70
1069	13780	13780	318
1070	13781	13781	30
1071	13782	13782	371
1072	13784	13784	2493
1073	13786	13786	136
1074	13787	13787	337
1075	13790	13790	748
1076	13791	13791	828
1077	13792	13792	92
1078	13798	13798	23514
1079	13799	13799	402
1080	13800	13800	331
1081	13801	13801	168
1082	13802	13802	2281
1083	13803	13803	121
1084	13804	13804	1498
1085	13805	13805	1900
1086	13806	13806	56
1087	13807	13807	36
1088	13808	13808	782
1089	13809	13809	29
1090	13810	13810	311
1091	13811	13811	67
1092	13812	13812	333
1093	13813	13813	550
1094	13814	13814	862
1095	13815	13815	2557
1096	13816	13816	260
1097	13817	13817	211
1098	13819	13819	1109
1099	13821	13821	153
1100	13822	13822	611
1101	13823	13823	439
1102	13824	13824	768
1103	13826	13826	80
1104	13827	13827	141
1105	13828	13828	311
1107	13831	13831	745
1108	13832	13832	25
1109	13833	13833	118
1110	13835	13835	442
1111	13837	13837	183
1112	13838	13838	263
1113	13841	13841	100
1114	13842	13842	1768
1115	13844	13844	196
1116	13845	13845	182
1117	13846	13846	383
1118	13848	13848	3700
1119	13849	13849	1016
1120	13850	13850	941
1121	13851	13851	1705
1122	13853	13853	304
1123	13854	13854	2278
1124	13856	13856	484
1125	13858	13858	75
1126	13859	13859	129
1127	13860	13860	589
1128	13862	13862	1682
1129	13863	13863	219
1130	13865	13865	204
1131	13866	13866	57
1132	13867	13867	513
1133	13868	13868	1964
1134	13869	13869	1721
1135	13870	13870	1320
1136	13871	13871	2801
1137	13873	13873	138
1138	13874	13874	180
1139	13875	13875	1316
1140	13876	13876	36
1141	13877	13877	108
1142	13878	13878	475
1143	13880	13880	1842
1144	13881	13881	10062
1145	13882	13882	950
1146	13883	13883	1368
1147	13884	13884	297
1148	13885	13885	182
1149	13886	13886	126
1150	13887	13887	147
1151	13888	13888	258
1152	13889	13889	146
1153	13890	13890	826
1154	13892	13892	983
1155	13893	13893	190
1156	13894	13894	339
1157	13895	13895	1364
1158	13897	13897	200
1159	13898	13898	133
1160	13899	13899	156
1161	13900	13900	430
1162	13901	13901	1739
1163	13904	13904	332
1164	13908	13908	1470
1165	13911	13911	2731
1166	13914	13914	379
1167	13917	13917	228
1168	13918	13918	1140
1169	13919	13919	437
1170	13922	13922	93
1171	13923	13923	185
1172	13924	13924	1532
1173	13925	13925	327
1174	13926	13926	104
1175	13927	13927	214
1176	13928	13928	129
1177	13929	13929	139
1178	13930	13930	274
1179	13931	13931	721
1180	13932	13932	72
1181	13933	13933	205
1182	13934	13934	390
1183	13936	13936	324
1184	13937	13937	123
1185	13938	13938	70
1186	13939	13939	843
1187	13940	13940	516
1188	13941	13941	2307
1189	13946	13946	443
1190	13947	13947	44
1191	13948	13948	40
1192	13949	13949	2474
1193	13950	13950	321
1194	13951	13951	459
1195	13952	13952	1425
1196	13953	13953	2724
1197	13954	13954	141
1198	13955	13955	154
1199	13956	13956	491
1201	13959	13959	357
1202	13960	13960	142
1203	13962	13962	87
1204	13963	13963	460
1205	13967	13967	42
1206	13969	13969	4483
1207	13971	13971	1818
1208	13972	13972	187
1209	13973	13973	109
1210	13974	13974	249
1211	13975	13975	1725
1212	13976	13976	154
1213	13978	13978	315
1214	13979	13979	639
1215	13980	13980	172
1216	13982	13982	1132
1217	13983	13983	1170
1218	13984	13984	271
1219	13985	13985	3439
1220	13986	13986	430
1221	13988	13988	3025
1222	13989	13989	1313
1223	13990	13990	190
1224	13991	13991	996
1225	13992	13992	64
1226	13993	13993	892
1227	13994	13994	940
1228	13995	13995	867
1229	13999	13999	2231
1230	14000	14000	707
1231	14001	14001	959
1232	14002	14002	877
1233	14004	14004	2668
1234	14005	14005	2478
1235	14006	14006	641
1236	14009	14009	361
1237	14012	14012	160
1238	14013	14013	462
1239	14014	14014	1076
1240	14015	14015	378
1241	14016	14016	2124
1242	14019	14019	1034
1243	14020	14020	441
1244	14021	14021	192
1245	14022	14022	487
1246	14023	14023	345
1247	14024	14024	150
1248	14027	14027	62
1249	14029	14029	198
1250	14030	14030	1479
1251	14031	14031	5370
1252	14032	14032	2008
1253	14034	14034	315
1254	14035	14035	739
1255	14036	14036	268
1256	14037	14037	46
1257	14038	14038	963
1258	14039	14039	92
1259	14040	14040	1524
1260	14041	14041	94
1261	14044	14044	308
1262	14045	14045	535
1263	14046	14046	460
1264	14047	14047	377
1265	14048	14048	274
1266	14049	14049	3846
1267	14050	14050	689
1268	14051	14051	3741
1269	14052	14052	89
1270	14053	14053	215
1271	14054	14054	62
1272	14055	14055	216
1273	14056	14056	4232
1274	14057	14057	4708
1275	14059	14059	128
1276	14060	14060	5374
1277	14062	14062	5593
1278	14064	14064	1350
1279	14066	14066	45
1280	14067	14067	361
1281	14068	14068	73
1282	14071	14071	900
1283	14073	14073	128
1284	14075	14075	754
1285	14076	14076	81
1286	14077	14077	268
1287	14078	14078	310
1288	14079	14079	301
1289	14080	14080	48
1290	14081	14081	593
1291	14082	14082	110
1292	14083	14083	732
1293	14085	14085	3183
1294	14087	14087	250
1295	14088	14088	12593
1296	14089	14089	134
1297	14090	14090	72
1298	14092	14092	2061
1299	14093	14093	406
1300	14096	14096	16335
1301	14098	14098	104
1302	14099	14099	2177
1303	14100	14100	64
1304	14101	14101	6942
1305	14102	14102	938
1306	14104	14104	72
1307	14105	14105	798
1308	14107	14107	1788
1309	14108	14108	380
1310	14109	14109	56
1311	14110	14110	2455
1312	14111	14111	457
1313	14112	14112	1608
1314	14113	14113	635
1315	14114	14114	101
1316	14116	14116	707
1317	14117	14117	72
1319	14121	14121	2078
1320	14124	14124	1618
1321	14125	14125	1640
1322	14126	14126	458
1323	14127	14127	321
1324	14128	14128	564
1325	14129	14129	592
1326	14130	14130	258
1327	14132	14132	3366
1328	14133	14133	342
1329	14135	14135	3850
1330	14138	14138	610
1331	14139	14139	510
1332	14140	14140	809
1333	14141	14141	337
1334	14142	14142	313
1335	14143	14143	30
1336	14145	14145	636
1337	14146	14146	1886
1338	14147	14147	96
1339	14148	14148	16
1340	14149	14149	129
1341	14150	14150	496
1342	14152	14152	699
1343	14154	14154	465
1344	14155	14155	25
1345	14156	14156	57025
1346	14157	14157	273
1347	14158	14158	781
1348	14159	14159	4395
1349	14161	14161	455
1350	14162	14162	142
1351	14163	14163	893
1352	14164	14164	1033
1353	14165	14165	54
1354	14167	14167	150
1355	14171	14171	167
1356	14173	14173	150
1357	14174	14174	94
1358	14175	14175	1461
1359	14176	14176	207
1360	14177	14177	204
1361	14178	14178	1505
1362	14179	14179	330
1363	14180	14180	710
1364	14184	14184	127
1365	14185	14185	6
1366	14188	14188	1145
1367	14189	14189	3919
1368	14191	14191	3657
1369	14193	14193	445
1370	14194	14194	5783
1371	14195	14195	702
1372	14196	14196	142
1373	14198	14198	280
1374	14199	14199	28
1375	14201	14201	578
1376	14204	14204	82
1377	14205	14205	99
1378	14206	14206	274
1379	14208	14208	114
1380	14209	14209	688
1381	14210	14210	759
1382	14211	14211	1232
1383	14212	14212	1152
1385	14214	14214	748
1386	14215	14215	1354
1387	14216	14216	594
1388	14217	14217	677
1389	14218	14218	160
1390	14219	14219	78
1391	14220	14220	272
1392	14221	14221	2190
1393	14222	14222	607
1394	14223	14223	583
1395	14224	14224	514
1396	14226	14226	1301
1397	14227	14227	1811
1398	14229	14229	590
1399	14231	14231	402
1400	14232	14232	1937
1401	14233	14233	671
1402	14234	14234	963
1403	14235	14235	1947
1404	14236	14236	310
1405	14237	14237	38
1406	14238	14238	111
1407	14239	14239	986
1408	14240	14240	418
1409	14241	14241	146
1410	14242	14242	123
1411	14243	14243	1204
1412	14245	14245	971
1413	14246	14246	804
1414	14247	14247	47
1415	14248	14248	102
1416	14250	14250	1200
1417	14251	14251	1674
1418	14256	14256	410
1419	14257	14257	1677
1420	14258	14258	7098
1421	14259	14259	68
1422	14261	14261	406
1423	14262	14262	1645
1424	14264	14264	66
1425	14265	14265	330
1426	14267	14267	461
1427	14270	14270	197
1428	14271	14271	88
1429	14272	14272	599
1430	14273	14273	264
1431	14276	14276	723
1432	14277	14277	1624
1433	14280	14280	52
1434	14282	14282	2668
1435	14284	14284	157
1436	14285	14285	541
1437	14286	14286	4306
1438	14287	14287	236
1439	14288	14288	187
1440	14289	14289	292
1441	14290	14290	913
1442	14291	14291	2748
1443	14292	14292	1643
1444	14293	14293	709
1445	14295	14295	82
1446	14297	14297	861
1447	14298	14298	58021
1448	14299	14299	2013
1449	14300	14300	32
1450	14301	14301	600
1451	14304	14304	54
1452	14305	14305	1069
1453	14306	14306	1073
1454	14307	14307	2058
1455	14309	14309	1619
1456	14311	14311	125
1457	14312	14312	1012
1458	14314	14314	296
1459	14315	14315	1010
1460	14317	14317	255
1461	14320	14320	239
1462	14321	14321	2406
1463	14323	14323	340
1464	14326	14326	99
1465	14327	14327	139
1466	14329	14329	3075
1467	14331	14331	252
1468	14332	14332	481
1469	14333	14333	52
1470	14334	14334	1730
1471	14335	14335	379
1472	14336	14336	1759
1473	14338	14338	329
1474	14339	14339	150
1475	14340	14340	58
1476	14341	14341	1401
1477	14342	14342	337
1478	14344	14344	477
1479	14345	14345	50
1480	14346	14346	605
1481	14348	14348	183
1482	14349	14349	86
1483	14350	14350	166
1484	14351	14351	12
1485	14352	14352	538
1486	14353	14353	64
1487	14354	14354	210
1488	14355	14355	92
1489	14356	14356	266
1490	14357	14357	148
1491	14359	14359	363
1492	14360	14360	1151
1493	14362	14362	100
1494	14364	14364	1967
1495	14367	14367	4410
1496	14368	14368	36
1497	14371	14371	34
1498	14373	14373	17
1499	14375	14375	194
1500	14377	14377	219
1501	14379	14379	292
1502	14381	14381	146
1503	14382	14382	1237
1504	14383	14383	817
1505	14385	14385	159
1506	14386	14386	54
1507	14387	14387	819
1508	14388	14388	1933
1509	14389	14389	702
1510	14390	14390	2125
1511	14393	14393	13
1512	14395	14395	1689
1513	14396	14396	225
1514	14397	14397	1852
1515	14400	14400	450
1516	14401	14401	4505
1517	14403	14403	513
1518	14404	14404	831
1519	14406	14406	77
1520	14407	14407	1412
1521	14408	14408	1616
1522	14409	14409	1158
1523	14410	14410	293
1524	14411	14411	196
1525	14412	14412	784
1526	14413	14413	68
1527	14414	14414	2509
1528	14415	14415	2973
1529	14416	14416	326
1530	14418	14418	1711
1531	14419	14419	487
1532	14420	14420	333
1533	14421	14421	365
1534	14422	14422	2906
1535	14423	14423	120
1536	14424	14424	48
1537	14426	14426	2339
1538	14427	14427	228
1539	14428	14428	428
1540	14431	14431	122
1541	14432	14432	2070
1542	14434	14434	368
1543	14436	14436	129
1544	14437	14437	59
1545	14438	14438	82
1546	14439	14439	526
1547	14440	14440	588
1548	14441	14441	430
1549	14442	14442	475
1550	14443	14443	931
1551	14446	14446	933
1552	14447	14447	571
1553	14448	14448	104
1554	14449	14449	757
1555	14450	14450	241
1556	14451	14451	389
1557	14452	14452	119
1558	14453	14453	49
1559	14456	14456	2901
1560	14457	14457	88
1561	14459	14459	760
1562	14460	14460	869
1563	14461	14461	766
1564	14462	14462	932
1565	14463	14463	179
1566	14465	14465	405
1567	14466	14466	1006
1568	14467	14467	278
1569	14470	14470	193
1570	14472	14472	1160
1571	14473	14473	88
1572	14474	14474	139
1573	14475	14475	428
1574	14476	14476	132
1575	14477	14477	719
1576	14479	14479	117
1577	14480	14480	143
1578	14481	14481	489
1579	14482	14482	1646
1580	14483	14483	95
1581	14484	14484	210
1582	14485	14485	71
1583	14487	14487	734
1584	14488	14488	793
1585	14489	14489	299
1586	14491	14491	139
1587	14493	14493	1279
1588	14494	14494	92
1589	14495	14495	62
1590	14496	14496	159
1591	14497	14497	233
1592	14498	14498	1098
1593	14499	14499	501
1594	14500	14500	117
1595	14501	14501	119
1596	14502	14502	1483
1597	14503	14503	2004
1598	14504	14504	308
1599	14505	14505	2743
1600	14506	14506	730
1601	14507	14507	588
1602	14508	14508	131
1603	14511	14511	772
1604	14512	14512	122
1605	14513	14513	355
1606	14514	14514	589
1607	14515	14515	1134
1608	14517	14517	91
1609	14518	14518	278
1610	14520	14520	146
1611	14522	14522	525
1612	14523	14523	251
1613	14524	14524	676
1614	14525	14525	2662
1615	14527	14527	2049
1616	14528	14528	278
1617	14529	14529	348
1618	14530	14530	1410
1619	14532	14532	284
1620	14533	14533	2777
1621	14534	14534	1925
1622	14535	14535	1825
1623	14536	14536	40
1624	14537	14537	120
1625	14538	14538	155
1626	14539	14539	428
1627	14540	14540	421
1628	14541	14541	647
1629	14542	14542	19
1630	14543	14543	600
1631	14544	14544	1543
1632	14546	14546	1287
1633	14547	14547	2658
1634	14548	14548	256
1635	14549	14549	136
1636	14550	14550	394
1637	14551	14551	106
1638	14552	14552	91
1639	14553	14553	493
1640	14554	14554	1478
1641	14555	14555	130
1642	14557	14557	1
1643	14560	14560	1223
1644	14561	14561	1014
1645	14562	14562	1670
1646	14565	14565	1532
1647	14566	14566	800
1648	14567	14567	410
1649	14569	14569	79
1650	14570	14570	95
1651	14572	14572	1425
1652	14573	14573	538
1653	14576	14576	12
1654	14577	14577	353
1655	14578	14578	240
1656	14581	14581	217
1657	14582	14582	73
1658	14583	14583	792
1659	14584	14584	379
1660	14585	14585	91
1661	14586	14586	236
1662	14587	14587	759
1663	14589	14589	5
1664	14591	14591	1297
1665	14592	14592	415
1666	14593	14593	332
1667	14594	14594	185
1668	14595	14595	978
1669	14597	14597	577
1670	14598	14598	189
1671	14600	14600	125
1672	14601	14601	168
1673	14603	14603	400
1674	14606	14606	5978
1675	14607	14607	7998
1676	14608	14608	437
1677	14609	14609	7026
1678	14616	14616	104
1679	14618	14618	261
1680	14619	14619	145
1681	14620	14620	188
1682	14621	14621	987
1683	14622	14622	146
1684	14623	14623	417
1685	14624	14624	162
1686	14625	14625	330
1687	14626	14626	1387
1689	14628	14628	272
1690	14629	14629	376
1691	14631	14631	622
1692	14632	14632	96
1693	14633	14633	96
1694	14636	14636	241
1695	14638	14638	166
1696	14639	14639	1428
1697	14640	14640	829
1698	14641	14641	90
1699	14642	14642	76
1700	14643	14643	755
1701	14644	14644	252
1702	14645	14645	381
1703	14646	14646	196719
1704	14647	14647	95
1705	14649	14649	1018
1706	14651	14651	344
1707	14652	14652	53
1708	14653	14653	950
1709	14655	14655	1088
1710	14656	14656	120
1711	14657	14657	465
1712	14658	14658	47
1713	14659	14659	1183
1714	14660	14660	228
1715	14661	14661	35
1716	14662	14662	602
1717	14664	14664	466
1718	14665	14665	500
1719	14666	14666	161
1720	14667	14667	5382
1721	14669	14669	775
1722	14670	14670	337
1723	14672	14672	454
1724	14673	14673	1004
1725	14675	14675	341
1726	14676	14676	2498
1728	14680	14680	12474
1729	14681	14681	76
1730	14682	14682	80
1731	14684	14684	853
1732	14687	14687	470
1733	14688	14688	3222
1734	14689	14689	76
1735	14690	14690	163
1736	14691	14691	707
1737	14692	14692	255
1738	14693	14693	34
1739	14696	14696	1626
1740	14697	14697	181
1741	14698	14698	615
1742	14699	14699	77
1743	14700	14700	1342
1744	14701	14701	909
1745	14702	14702	1444
1746	14703	14703	183
1747	14704	14704	1082
1748	14705	14705	100
1749	14708	14708	615
1750	14709	14709	2482
1751	14710	14710	378
1752	14711	14711	966
1753	14712	14712	315
1754	14713	14713	1613
1755	14714	14714	229
1756	14715	14715	521
1757	14716	14716	604
1758	14719	14719	1031
1759	14720	14720	219
1760	14722	14722	120
1761	14723	14723	695
1762	14725	14725	593
1763	14727	14727	62
1764	14729	14729	197
1765	14730	14730	1132
1766	14731	14731	256
1767	14732	14732	1402
1768	14733	14733	3725
1769	14735	14735	2160
1770	14737	14737	345
1771	14738	14738	576
1772	14739	14739	3817
1773	14740	14740	729
1774	14741	14741	841
1775	14744	14744	625
1776	14745	14745	1020
1777	14747	14747	82
1778	14748	14748	1192
1779	14752	14752	260
1780	14753	14753	211
1781	14754	14754	486
1782	14755	14755	2217
1783	14756	14756	416
1784	14757	14757	160
1785	14758	14758	419
1786	14759	14759	569
1787	14760	14760	28
1788	14761	14761	118
1789	14762	14762	341
1790	14764	14764	175
1791	14765	14765	135
1792	14766	14766	1323
1793	14768	14768	34
1794	14769	14769	7406
1795	14770	14770	490
1796	14772	14772	82
1797	14775	14775	1174
1798	14776	14776	2688
1800	14778	14778	306
1801	14779	14779	84
1802	14780	14780	310
1803	14782	14782	114
1804	14784	14784	237
1805	14785	14785	84
1806	14788	14788	421
1807	14789	14789	116
1808	14790	14790	699
1809	14792	14792	1
1810	14793	14793	88
1811	14794	14794	669
1812	14795	14795	17
1813	14796	14796	5942
1814	14798	14798	150
1815	14799	14799	146
1816	14800	14800	3634
1817	14801	14801	175
1818	14803	14803	370
1819	14804	14804	121
1820	14805	14805	115
1821	14806	14806	330
1822	14808	14808	2054
1823	14810	14810	1016
1824	14813	14813	67
1825	14815	14815	744
1826	14816	14816	5
1827	14817	14817	655
1828	14818	14818	324
1829	14819	14819	109
1830	14820	14820	253
1831	14821	14821	20
1832	14823	14823	88
1833	14824	14824	525
1834	14825	14825	991
1835	14828	14828	2172
1836	14829	14829	414
1837	14830	14830	169
1838	14834	14834	731
1839	14836	14836	45
1840	14837	14837	1430
1841	14840	14840	31
1842	14841	14841	1778
1843	14842	14842	1146
1844	14844	14844	1833
1845	14847	14847	120
1846	14849	14849	5656
1847	14850	14850	285
1848	14851	14851	325
1849	14852	14852	1747
1850	14853	14853	81
1851	14854	14854	1822
1852	14855	14855	267
1853	14856	14856	714
1854	14857	14857	455
1855	14859	14859	669
1856	14860	14860	230
1857	14861	14861	117
1858	14862	14862	772
1859	14863	14863	132
1860	14865	14865	108
1861	14866	14866	6569
1862	14867	14867	327
1863	14868	14868	1399
1864	14869	14869	549
1865	14870	14870	119
1866	14871	14871	185
1867	14873	14873	168
1868	14875	14875	554
1869	14878	14878	802
1870	14880	14880	373
1871	14881	14881	316
1872	14882	14882	158
1873	14883	14883	789
1874	14885	14885	724
1875	14886	14886	160
1876	14887	14887	1100
1877	14888	14888	184
1878	14889	14889	90
1879	14890	14890	51
1880	14891	14891	505
1881	14893	14893	799
1882	14894	14894	265
1883	14895	14895	4823
1884	14896	14896	279
1885	14897	14897	468
1886	14898	14898	1008
1887	14901	14901	659
1888	14902	14902	209
1889	14903	14903	1491
1890	14904	14904	1985
1891	14905	14905	274
1892	14907	14907	1686
1893	14908	14908	132
1894	14910	14910	221
1895	14911	14911	77180
1896	14912	14912	970
1897	14913	14913	1743
1898	14915	14915	105
1899	14916	14916	1132
1900	14918	14918	675
1901	14920	14920	509
1902	14921	14921	953
1903	14923	14923	418
1904	14924	14924	64
1905	14929	14929	136
1906	14930	14930	1166
1907	14931	14931	416
1908	14932	14932	80
1909	14934	14934	1041
1910	14935	14935	935
1911	14936	14936	4083
1912	14937	14937	483
1913	14944	14944	2801
1914	14946	14946	22
1915	14947	14947	179
1916	14948	14948	661
1917	14950	14950	135
1918	14951	14951	311
1919	14952	14952	3295
1920	14953	14953	225
1921	14954	14954	127
1922	14957	14957	34
1923	14958	14958	129
1924	14959	14959	491
1925	14960	14960	221
1926	14961	14961	3692
1927	14962	14962	44
1928	14963	14963	1176
1929	14964	14964	143
1930	14965	14965	365
1931	14966	14966	187
1932	14967	14967	140
1933	14968	14968	127
1934	14970	14970	250
1935	14971	14971	644
1936	14972	14972	28
1937	14973	14973	369
1938	14974	14974	44
1939	14975	14975	380
1940	14976	14976	230
1941	14978	14978	525
1942	14981	14981	97
1943	14984	14984	60
1944	14985	14985	260
1945	14987	14987	128
1946	14988	14988	141
1947	14995	14995	103
1948	14997	14997	1102
1949	14998	14998	270
1950	15000	15000	218
1951	15002	15002	862
1952	15004	15004	630
1953	15005	15005	4204
1954	15006	15006	302
1955	15007	15007	69
1956	15009	15009	642
1957	15010	15010	184
1958	15012	15012	231
1959	15014	15014	151
1960	15016	15016	76
1961	15017	15017	63
1962	15018	15018	188
1963	15019	15019	159
1964	15021	15021	829
1965	15022	15022	543
1966	15023	15023	2863
1967	15024	15024	920
1968	15025	15025	189
1969	15026	15026	285
1970	15027	15027	563
1971	15028	15028	459
1972	15030	15030	372
1973	15031	15031	401
1974	15032	15032	2668
1975	15033	15033	1692
1976	15034	15034	2411
1977	15035	15035	245
1978	15036	15036	327
1979	15038	15038	187
1980	15039	15039	9191
1981	15041	15041	104
1982	15042	15042	30
1983	15043	15043	300
1984	15044	15044	2786
1985	15045	15045	106
1986	15046	15046	3307
1987	15047	15047	222
1988	15048	15048	183
1989	15049	15049	63
1990	15050	15050	1184
1991	15051	15051	1011
1992	15052	15052	82
1993	15053	15053	986
1994	15054	15054	198
1995	15057	15057	668
1996	15058	15058	1069
1997	15059	15059	602
1998	15060	15060	263
1999	15061	15061	28590
2000	15062	15062	763
2001	15063	15063	56
2002	15065	15065	1355
2003	15066	15066	279
2004	15067	15067	954
2005	15068	15068	364
2006	15069	15069	520
2007	15070	15070	36
2008	15071	15071	269
2009	15073	15073	277
2010	15074	15074	455
2011	15075	15075	447
2012	15076	15076	571
2013	15078	15078	5069
2014	15079	15079	388
2015	15081	15081	188
2016	15083	15083	38
2017	15087	15087	470
2018	15088	15088	457
2019	15089	15089	1359
2020	15090	15090	208
2021	15091	15091	343
2022	15092	15092	135
2023	15093	15093	3733
2024	15095	15095	1077
2025	15096	15096	120
2026	15097	15097	170
2027	15098	15098	60
2028	15099	15099	343
2029	15100	15100	58
2030	15101	15101	239
2031	15103	15103	329
2032	15104	15104	635
2033	15105	15105	1211
2034	15106	15106	1144
2035	15107	15107	162
2036	15108	15108	497
2037	15109	15109	127
2038	15110	15110	240
2039	15111	15111	710
2040	15113	15113	2362
2041	15114	15114	3096
2042	15115	15115	157
2043	15116	15116	648
2044	15117	15117	1947
2045	15118	15118	1440
2046	15119	15119	88
2047	15120	15120	292
2048	15121	15121	199
2049	15122	15122	788
2050	15123	15123	1195
2051	15124	15124	233
2052	15125	15125	5991
2053	15127	15127	251
2054	15128	15128	1326
2055	15129	15129	1794
2056	15130	15130	197
2057	15132	15132	679
2058	15133	15133	680
2059	15134	15134	887
2060	15135	15135	41
2061	15136	15136	775
2062	15139	15139	208
2063	15140	15140	1567
2064	15142	15142	365
2065	15143	15143	150
2066	15144	15144	3026
2067	15145	15145	756
2068	15146	15146	1459
2069	15147	15147	363
2070	15148	15148	187
2071	15149	15149	128
2072	15150	15150	3633
2073	15152	15152	2694
2074	15153	15153	198
2075	15154	15154	97
2076	15156	15156	597
2077	15157	15157	2242
2078	15158	15158	198
2079	15159	15159	11394
2080	15160	15160	84
2081	15163	15163	186
2082	15164	15164	360
2083	15165	15165	160
2084	15167	15167	67
2085	15168	15168	52
2086	15171	15171	190
2087	15172	15172	1611
2088	15174	15174	145
2089	15175	15175	454
2090	15178	15178	30
2091	15179	15179	1907
2092	15180	15180	36
2093	15181	15181	542
2094	15182	15182	253
2095	15184	15184	223
2096	15185	15185	666
2097	15186	15186	215
2098	15187	15187	1869
2099	15189	15189	6035
2100	15192	15192	918
2101	15193	15193	144
2102	15194	15194	5648
2103	15195	15195	1404
2104	15197	15197	453
2105	15198	15198	120
2106	15199	15199	396
2107	15201	15201	962
2108	15203	15203	1753
2109	15204	15204	258
2110	15205	15205	377
2111	15206	15206	162
2112	15208	15208	314
2113	15210	15210	228
2114	15211	15211	240
2115	15212	15212	33
2116	15213	15213	270
2117	15214	15214	1254
2118	15215	15215	211
2119	15216	15216	28
2120	15218	15218	3329
2121	15219	15219	45
2122	15220	15220	1377
2123	15221	15221	25
2124	15222	15222	440
2125	15223	15223	98
2126	15224	15224	150
2127	15225	15225	226
2128	15226	15226	71
2129	15227	15227	750
2130	15228	15228	2252
2131	15230	15230	351
2132	15232	15232	686
2133	15234	15234	196
2134	15235	15235	1324
2135	15236	15236	269
2136	15237	15237	1071
2137	15238	15238	689
2138	15239	15239	591
2139	15240	15240	1361
2140	15241	15241	1815
2141	15243	15243	185
2142	15244	15244	405
2143	15245	15245	1784
2144	15246	15246	247
2145	15247	15247	160
2146	15249	15249	3557
2147	15251	15251	6084
2148	15252	15252	522
2149	15253	15253	864
2150	15254	15254	275
2151	15255	15255	489
2152	15256	15256	55
2153	15257	15257	45
2154	15258	15258	142
2155	15260	15260	861
2156	15261	15261	270
2157	15262	15262	73
2158	15263	15263	89
2159	15264	15264	265
2160	15265	15265	612
2161	15266	15266	18
2162	15267	15267	944
2163	15269	15269	26
2164	15270	15270	1459
2165	15271	15271	1257
2166	15272	15272	310
2167	15274	15274	619
2168	15275	15275	497
2169	15276	15276	64
2170	15277	15277	205
2171	15279	15279	185
2172	15280	15280	154
2173	15281	15281	1193
2174	15286	15286	55
2175	15287	15287	432
2176	15288	15288	775
2177	15289	15289	996
2178	15290	15290	4431
2179	15291	15291	2074
2180	15292	15292	56
2181	15296	15296	1757
2182	15297	15297	290
2183	15298	15298	2752
2184	15299	15299	2940
2185	15300	15300	292
2186	15301	15301	2768
2187	15303	15303	248
2188	15304	15304	100
2189	15306	15306	810
2190	15307	15307	37
2191	15308	15308	173
2192	15311	15311	37720
2193	15312	15312	513
2194	15313	15313	25
2195	15314	15314	313
2196	15315	15315	838
2197	15316	15316	100
2198	15318	15318	642
2199	15319	15319	175
2200	15320	15320	326
2201	15321	15321	1163
2202	15322	15322	365
2203	15325	15325	232
2204	15326	15326	386
2205	15327	15327	116
2206	15329	15329	476
2207	15330	15330	1312
2208	15332	15332	652
2209	15333	15333	344
2210	15334	15334	274
2211	15335	15335	80
2212	15339	15339	414
2213	15341	15341	812
2214	15342	15342	276
2215	15343	15343	84
2216	15344	15344	106
2217	15345	15345	78
2218	15346	15346	144
2219	15347	15347	130
2220	15348	15348	84
2221	15349	15349	327
2222	15350	15350	51
2223	15351	15351	732
2224	15353	15353	343
2225	15355	15355	45
2226	15356	15356	1673
2227	15358	15358	6927
2228	15360	15360	223
2229	15361	15361	336
2230	15363	15363	143
2231	15364	15364	493
2232	15365	15365	758
2233	15366	15366	621
2234	15367	15367	1055
2235	15368	15368	230
2237	15370	15370	828
2238	15372	15372	2924
2239	15373	15373	476
2240	15374	15374	126
2241	15376	15376	619
2242	15379	15379	2293
2243	15380	15380	374
2244	15381	15381	171
2245	15382	15382	4003
2246	15384	15384	593
2247	15385	15385	161
2248	15386	15386	446
2249	15388	15388	88
2250	15389	15389	400
2251	15392	15392	1265
2252	15393	15393	150
2253	15394	15394	910
2254	15395	15395	17
2255	15396	15396	122
2256	15397	15397	20
2257	15398	15398	767
2258	15399	15399	611
2259	15400	15400	360
2260	15402	15402	694
2261	15405	15405	193
2262	15406	15406	236
2263	15407	15407	558
2264	15408	15408	106
2265	15410	15410	1200
2266	15411	15411	528
2267	15412	15412	108
2268	15414	15414	443
2269	15415	15415	575
2270	15416	15416	2089
2271	15417	15417	284
2272	15419	15419	230
2273	15421	15421	500
2274	15422	15422	38
2275	15423	15423	101
2276	15424	15424	554
2277	15426	15426	663
2278	15427	15427	1013
2279	15428	15428	102
2280	15429	15429	369
2281	15432	15432	65
2282	15433	15433	399
2283	15434	15434	638
2284	15435	15435	54
2285	15436	15436	613
2286	15437	15437	79
2287	15438	15438	59
2288	15440	15440	197
2289	15442	15442	120
2290	15443	15443	1660
2291	15444	15444	764
2292	15445	15445	58
2293	15447	15447	85
2294	15448	15448	232
2295	15449	15449	810
2296	15450	15450	376
2297	15452	15452	283
2298	15453	15453	845
2299	15454	15454	86
2300	15456	15456	660
2301	15457	15457	132
2302	15458	15458	156
2303	15460	15460	109
2304	15462	15462	172
2305	15463	15463	106
2306	15464	15464	350
2307	15465	15465	1217
2308	15466	15466	246
2309	15467	15467	306
2310	15468	15468	150
2311	15469	15469	150
2312	15471	15471	266
2313	15472	15472	251
2314	15473	15473	552
2315	15475	15475	319
2316	15478	15478	585
2317	15480	15480	303
2318	15482	15482	2998
2319	15483	15483	295
2320	15484	15484	3136
2321	15485	15485	1306
2322	15488	15488	73
2323	15489	15489	593
2324	15491	15491	1624
2325	15492	15492	483
2326	15493	15493	555
2327	15494	15494	1148
2328	15497	15497	622
2329	15498	15498	6084
2330	15500	15500	572
2331	15502	15502	3823
2332	15503	15503	74
2333	15504	15504	33
2334	15505	15505	2348
2335	15506	15506	848
2336	15507	15507	162
2337	15508	15508	440
2338	15510	15510	2
2339	15511	15511	271
2340	15512	15512	68
2341	15513	15513	5545
2342	15514	15514	1791
2343	15516	15516	27
2344	15517	15517	293
2345	15518	15518	1262
2346	15520	15520	314
2347	15521	15521	1674
2348	15522	15522	573
2349	15523	15523	132
2350	15524	15524	4
2351	15525	15525	414
2352	15526	15526	24
2353	15527	15527	988
2354	15528	15528	123
2355	15529	15529	3489
2356	15530	15530	950
2357	15531	15531	1105
2358	15532	15532	508
2359	15533	15533	256
2360	15535	15535	129
2361	15537	15537	29
2362	15539	15539	410
2363	15540	15540	200
2364	15541	15541	49
2365	15543	15543	86
2366	15544	15544	3105
2367	15545	15545	163
2368	15547	15547	4032
2369	15549	15549	688
2370	15550	15550	295
2371	15551	15551	218
2372	15552	15552	60
2373	15553	15553	451
2374	15554	15554	74
2375	15555	15555	4410
2376	15556	15556	236
2377	15557	15557	219
2378	15561	15561	256
2379	15562	15562	39
2380	15563	15563	1460
2381	15565	15565	60
2382	15567	15567	223
2383	15568	15568	461
2384	15569	15569	666
2385	15570	15570	2058
2386	15571	15571	264
2387	15572	15572	1229
2388	15573	15573	363
2389	15574	15574	349
2390	15576	15576	404
2391	15577	15577	89
2392	15578	15578	52
2393	15579	15579	120
2394	15581	15581	286
2395	15582	15582	453
2396	15584	15584	312
2397	15585	15585	320
2398	15587	15587	312
2399	15589	15589	242
2401	15592	15592	354
2402	15593	15593	60
2403	15594	15594	982
2404	15596	15596	548
2405	15597	15597	276
2406	15598	15598	156
2407	15599	15599	718
2408	15601	15601	4978
2409	15602	15602	1001
2410	15603	15603	96
2411	15604	15604	159
2412	15605	15605	441
2413	15606	15606	720
2414	15607	15607	202
2415	15608	15608	714
2416	15609	15609	145
2417	15610	15610	66
2418	15611	15611	498
2419	15612	15612	52
2420	15615	15615	5493
2421	15618	15618	428
2422	15619	15619	136
2423	15620	15620	899
2424	15621	15621	463
2425	15622	15622	1552
2426	15623	15623	125
2427	15624	15624	357
2428	15625	15625	1166
2429	15626	15626	766
2430	15628	15628	1882
2431	15630	15630	799
2432	15632	15632	2049
2433	15634	15634	99
2434	15636	15636	284
2435	15637	15637	128
2437	15639	15639	323
2438	15640	15640	6572
2439	15641	15641	1562
2440	15643	15643	242
2441	15644	15644	557
2442	15645	15645	256
2443	15646	15646	388
2444	15648	15648	213
2445	15649	15649	192
2446	15651	15651	479
2447	15652	15652	208
2448	15653	15653	1200
2449	15654	15654	475
2450	15655	15655	319
2451	15656	15656	343
2452	15657	15657	24
2453	15658	15658	232
2454	15659	15659	111
2455	15660	15660	1037
2456	15661	15661	236
2457	15663	15663	106
2458	15664	15664	141
2459	15665	15665	1666
2460	15667	15667	240
2461	15668	15668	72
2462	15669	15669	339
2463	15670	15670	91
2464	15671	15671	1681
2465	15673	15673	1514
2466	15674	15674	1075
2467	15675	15675	527
2468	15676	15676	2231
2469	15677	15677	319
2470	15678	15678	184
2471	15679	15679	1170
2472	15680	15680	952
2473	15681	15681	556
2474	15683	15683	131
2475	15687	15687	1308
2476	15689	15689	84
2477	15690	15690	408
2478	15691	15691	72
2479	15692	15692	138
2480	15694	15694	1665
2481	15695	15695	212
2482	15696	15696	1022
2483	15699	15699	113
2484	15700	15700	328
2485	15701	15701	923
2486	15703	15703	66
2487	15704	15704	1028
2488	15705	15705	62
2489	15706	15706	305
2490	15707	15707	605
2491	15708	15708	1258
2492	15709	15709	121
2493	15712	15712	486
2494	15713	15713	149
2495	15714	15714	187
2496	15716	15716	744
2497	15717	15717	70
2498	15719	15719	2724
2499	15720	15720	281
2500	15721	15721	409
2501	15722	15722	1021
2502	15723	15723	87
2503	15724	15724	72
2504	15725	15725	221
2505	15727	15727	3065
2507	15729	15729	24
2508	15730	15730	683
2509	15732	15732	215
2510	15733	15733	62
2511	15734	15734	346
2512	15737	15737	584
2513	15738	15738	2967
2514	15739	15739	472
2515	15740	15740	152
2516	15743	15743	216
2517	15744	15744	120
2518	15745	15745	412
2519	15746	15746	130
2520	15747	15747	480
2521	15748	15748	51
2522	15749	15749	9014
2523	15750	15750	1779
2524	15752	15752	1973
2525	15753	15753	144
2526	15754	15754	197
2527	15755	15755	1397
2528	15756	15756	242
2529	15757	15757	491
2530	15758	15758	47
2531	15759	15759	60
2532	15762	15762	251
2533	15763	15763	268
2534	15764	15764	2036
2535	15766	15766	170
2536	15768	15768	243
2537	15769	15769	27660
2538	15773	15773	311
2539	15774	15774	87
2540	15775	15775	68
2541	15776	15776	138
2542	15777	15777	375
2543	15780	15780	220
2544	15781	15781	178
2545	15782	15782	863
2546	15783	15783	212
2547	15785	15785	1594
2548	15786	15786	3331
2549	15787	15787	540
2550	15789	15789	438
2551	15790	15790	114
2552	15791	15791	730
2553	15793	15793	552
2554	15795	15795	581
2555	15796	15796	859
2556	15797	15797	873
2557	15799	15799	955
2558	15800	15800	335
2559	15801	15801	562
2561	15803	15803	290
2562	15804	15804	2515
2563	15805	15805	3337
2564	15806	15806	602
2565	15807	15807	430
2566	15808	15808	1341
2567	15809	15809	251
2568	15810	15810	737
2569	15811	15811	1061
2570	15812	15812	922
2571	15813	15813	603
2572	15814	15814	1247
2573	15815	15815	1856
2574	15819	15819	1357
2575	15820	15820	128
2576	15821	15821	202
2577	15822	15822	375
2579	15825	15825	220
2580	15826	15826	962
2581	15827	15827	842
2582	15829	15829	996
2583	15830	15830	409
2584	15831	15831	1097
2585	15832	15832	465
2586	15834	15834	961
2587	15835	15835	439
2588	15836	15836	24
2589	15837	15837	189
2590	15838	15838	9007
2591	15839	15839	670
2592	15840	15840	394
2593	15841	15841	926
2594	15843	15843	27
2595	15844	15844	134
2596	15845	15845	1918
2597	15847	15847	449
2598	15850	15850	302
2599	15852	15852	48
2600	15853	15853	135
2601	15854	15854	939
2602	15855	15855	470
2603	15856	15856	10941
2604	15857	15857	308
2605	15858	15858	1167
2606	15860	15860	440
2607	15861	15861	2543
2608	15862	15862	585
2609	15863	15863	19
2610	15864	15864	1044
2611	15865	15865	368
2612	15866	15866	126
2613	15867	15867	2052
2614	15869	15869	175
2615	15870	15870	335
2616	15872	15872	212
2617	15874	15874	2506
2618	15877	15877	246
2619	15880	15880	187
2620	15881	15881	199
2621	15882	15882	266
2622	15883	15883	223
2623	15885	15885	111
2624	15886	15886	147
2625	15888	15888	60
2626	15889	15889	215
2627	15891	15891	442
2628	15894	15894	168
2629	15895	15895	94
2630	15897	15897	261
2631	15898	15898	568
2632	15899	15899	39
2633	15900	15900	221
2634	15901	15901	384
2635	15903	15903	2409
2636	15904	15904	84
2637	15906	15906	538
2638	15907	15907	509
2639	15909	15909	98
2640	15910	15910	1015
2641	15912	15912	185
2642	15916	15916	752
2643	15917	15917	42
2644	15918	15918	153
2645	15919	15919	545
2646	15920	15920	99
2647	15921	15921	166
2648	15922	15922	136
2649	15923	15923	122
2650	15925	15925	93
2651	15930	15930	139
2652	15932	15932	2311
2653	15933	15933	885
2654	15935	15935	115
2655	15937	15937	73
2656	15938	15938	240
2657	15939	15939	4725
2658	15940	15940	3
2659	15942	15942	232
2660	15944	15944	50
2661	15945	15945	52
2662	15947	15947	898
2663	15948	15948	567
2664	15949	15949	284
2665	15950	15950	722
2666	15951	15951	306
2667	15952	15952	399
2668	15953	15953	885
2669	15955	15955	2124
2670	15957	15957	211
2671	15958	15958	33
2672	15963	15963	298
2673	15965	15965	453
2674	15967	15967	211
2675	15969	15969	120
2676	15970	15970	116
2677	15971	15971	1717
2678	15973	15973	87
2679	15974	15974	2256
2680	15975	15975	243
2681	15976	15976	277
2682	15977	15977	1016
2683	15978	15978	888
2684	15980	15980	1560
2685	15981	15981	1866
2686	15983	15983	892
2687	15984	15984	1833
2688	15985	15985	836
2689	15986	15986	268
2690	15987	15987	1556
2691	15988	15988	181
2692	15990	15990	443
2693	15992	15992	17
2694	15993	15993	2042
2695	15994	15994	177
2696	15996	15996	382
2697	15998	15998	2037
2698	16000	16000	5110
2699	16003	16003	1185
2700	16005	16005	300
2701	16006	16006	84
2702	16007	16007	1393
2703	16008	16008	323
2704	16009	16009	378
2705	16010	16010	210
2706	16011	16011	2042
2707	16012	16012	799
2708	16013	16013	13845
2709	16014	16014	261
2710	16015	16015	906
2711	16016	16016	618
2712	16017	16017	102
2713	16018	16018	190
2714	16019	16019	1649
2715	16020	16020	487
2716	16022	16022	261
2717	16023	16023	358
2718	16024	16024	398
2719	16025	16025	338
2720	16026	16026	243
2721	16027	16027	1146
2722	16029	16029	32148
2723	16030	16030	283
2724	16031	16031	423
2725	16033	16033	3516
2726	16034	16034	242
2727	16036	16036	716
2728	16037	16037	428
2729	16038	16038	241
2730	16040	16040	684
2731	16041	16041	1584
2732	16042	16042	745
2733	16043	16043	503
2734	16045	16045	897
2735	16048	16048	143
2736	16049	16049	793
2737	16050	16050	278
2738	16052	16052	282
2739	16053	16053	1793
2740	16054	16054	380
2741	16055	16055	22
2742	16056	16056	347
2743	16057	16057	833
2744	16059	16059	643
2746	16062	16062	800
2747	16063	16063	262
2748	16065	16065	231
2749	16066	16066	936
2750	16070	16070	457
2751	16071	16071	180
2752	16072	16072	140
2753	16073	16073	37
2754	16076	16076	1363
2755	16078	16078	16
2756	16079	16079	864
2757	16080	16080	104
2758	16081	16081	1477
2759	16083	16083	908
2760	16084	16084	216
2761	16085	16085	636
2762	16086	16086	510
2763	16091	16091	154
2764	16092	16092	602
2765	16093	16093	20
2766	16094	16094	633
2767	16096	16096	155
2768	16097	16097	87
2769	16098	16098	613
2770	16099	16099	434
2771	16101	16101	738
2772	16102	16102	942
2773	16103	16103	558
2774	16104	16104	123
2775	16105	16105	330
2776	16106	16106	74
2777	16107	16107	1176
2778	16108	16108	599
2779	16109	16109	612
2780	16110	16110	733
2781	16112	16112	574
2782	16113	16113	176
2783	16114	16114	43
2784	16115	16115	1001
2785	16116	16116	246
2786	16117	16117	130
2787	16119	16119	240
2788	16120	16120	866
2789	16121	16121	586
2790	16122	16122	1128
2791	16123	16123	170
2792	16124	16124	41
2793	16125	16125	124
2794	16126	16126	2125
2795	16127	16127	323
2796	16128	16128	988
2797	16131	16131	1802
2798	16133	16133	8738
2799	16134	16134	357
2800	16135	16135	209
2801	16136	16136	440
2803	16139	16139	330
2804	16140	16140	727
2805	16141	16141	238
2806	16142	16142	422
2807	16143	16143	917
2808	16144	16144	16
2809	16145	16145	3072
2810	16146	16146	427
2811	16147	16147	246
2812	16148	16148	72
2813	16149	16149	308
2814	16150	16150	1004
2815	16152	16152	642
2816	16153	16153	1073
2817	16156	16156	1270
2818	16157	16157	344
2819	16159	16159	236
2820	16160	16160	1153
2821	16161	16161	2506
2822	16162	16162	4
2823	16163	16163	92
2824	16164	16164	432
2825	16168	16168	1888
2826	16169	16169	1325
2827	16170	16170	1766
2828	16171	16171	24
2829	16172	16172	787
2830	16173	16173	571
2831	16174	16174	651
2832	16175	16175	533
2833	16177	16177	95
2834	16178	16178	94
2835	16179	16179	99
2836	16180	16180	5853
2837	16181	16181	152
2838	16182	16182	3791
2839	16183	16183	113
2840	16184	16184	560
2841	16185	16185	260
2842	16186	16186	3008
2843	16187	16187	5004
2844	16188	16188	782
2845	16189	16189	134
2846	16190	16190	88
2847	16191	16191	3203
2848	16193	16193	219
2849	16198	16198	129
2850	16200	16200	523
2851	16201	16201	1267
2852	16202	16202	191
2853	16203	16203	261
2854	16204	16204	231
2855	16205	16205	517
2856	16206	16206	272
2857	16207	16207	140
2858	16208	16208	333
2859	16209	16209	1179
2860	16210	16210	7559
2861	16211	16211	153
2862	16212	16212	241
2863	16213	16213	48
2864	16214	16214	420
2865	16215	16215	104
2866	16216	16216	254
2867	16217	16217	76
2868	16218	16218	2077
2869	16221	16221	717
2870	16222	16222	365
2871	16224	16224	1116
2872	16225	16225	493
2873	16226	16226	192
2874	16227	16227	88
2875	16229	16229	318
2876	16230	16230	365
2877	16232	16232	547
2878	16233	16233	165
2879	16235	16235	328
2880	16236	16236	184
2881	16239	16239	218
2882	16240	16240	1634
2883	16241	16241	1453
2884	16242	16242	1981
2885	16243	16243	110
2886	16244	16244	855
2887	16245	16245	1008
2888	16247	16247	182
2889	16248	16248	78
2890	16249	16249	950
2891	16250	16250	208
2893	16253	16253	3137
2894	16255	16255	1760
2895	16256	16256	577
2896	16257	16257	2
2897	16258	16258	2994
2898	16260	16260	311
2899	16261	16261	306
2901	16265	16265	2627
2902	16266	16266	398
2903	16268	16268	533
2904	16270	16270	688
2905	16271	16271	1037
2906	16272	16272	224
2907	16274	16274	155
2908	16275	16275	336
2909	16276	16276	420
2910	16278	16278	109
2911	16279	16279	1052
2912	16281	16281	934
2913	16282	16282	114
2914	16283	16283	1222
2915	16284	16284	544
2916	16287	16287	298
2917	16292	16292	188
2918	16293	16293	978
2919	16295	16295	841
2920	16297	16297	180
2921	16298	16298	198
2922	16302	16302	134
2923	16303	16303	2621
2924	16305	16305	256
2925	16306	16306	471
2926	16308	16308	8000
2927	16309	16309	465
2928	16311	16311	394
2929	16313	16313	165
2930	16315	16315	75
2931	16316	16316	1466
2932	16317	16317	890
2933	16318	16318	199
2934	16319	16319	72
2935	16320	16320	732
2936	16321	16321	78
2937	16322	16322	231
2938	16323	16323	50
2939	16324	16324	282
2940	16325	16325	164
2941	16326	16326	689
2942	16327	16327	2571
2943	16330	16330	145
2944	16332	16332	793
2945	16333	16333	32184
2946	16337	16337	87
2947	16338	16338	94
2948	16339	16339	23
2949	16340	16340	501
2950	16341	16341	1388
2951	16342	16342	157
2952	16343	16343	195
2953	16344	16344	18
2954	16345	16345	289
2955	16347	16347	353
2956	16348	16348	819
2957	16349	16349	9
2958	16350	16350	542
2959	16351	16351	90
2960	16352	16352	300
2961	16353	16353	2006
2962	16354	16354	150
2963	16356	16356	92
2964	16357	16357	246
2965	16358	16358	1301
2966	16359	16359	1154
2967	16360	16360	2128
2968	16361	16361	421
2969	16362	16362	325
2970	16363	16363	52
2971	16364	16364	280
2972	16365	16365	504
2973	16366	16366	256
2974	16367	16367	647
2975	16368	16368	260
2976	16369	16369	1035
2977	16370	16370	647
2978	16372	16372	166
2979	16374	16374	240
2980	16376	16376	689
2981	16377	16377	1500
2982	16378	16378	267
2983	16379	16379	1408
2984	16380	16380	1524
2985	16383	16383	475
2986	16384	16384	260
2987	16385	16385	261
2988	16386	16386	224
2989	16387	16387	44
2990	16389	16389	1230
2991	16392	16392	203
2992	16393	16393	1529
2993	16394	16394	2317
2994	16395	16395	1476
2995	16398	16398	745
2996	16399	16399	264
2997	16400	16400	172
2998	16401	16401	3858
2999	16402	16402	149
3000	16403	16403	103
3001	16404	16404	157
3002	16405	16405	187
3003	16406	16406	123
3004	16407	16407	1124
3005	16409	16409	1306
3006	16411	16411	132
3007	16412	16412	73
3008	16413	16413	148
3009	16414	16414	27
3010	16415	16415	187
3011	16416	16416	655
3012	16418	16418	288
3013	16419	16419	435
3014	16422	16422	32592
3015	16423	16423	230
3016	16424	16424	82
3017	16425	16425	199
3018	16426	16426	1243
3019	16427	16427	156
3021	16429	16429	9
3022	16430	16430	103
3023	16431	16431	453
3024	16432	16432	276
3025	16433	16433	106
3026	16434	16434	767
3027	16438	16438	463
3028	16440	16440	2018
3029	16441	16441	173
3030	16442	16442	446
3031	16444	16444	405
3032	16445	16445	111
3033	16446	16446	2
3034	16447	16447	223
3035	16448	16448	78
3036	16449	16449	359
3037	16450	16450	200
3038	16451	16451	120
3039	16454	16454	2
3040	16455	16455	988
3041	16456	16456	1148
3042	16457	16457	140
3043	16458	16458	2154
3044	16460	16460	879
3045	16461	16461	49
3046	16462	16462	12
3047	16463	16463	1135
3048	16464	16464	963
3049	16466	16466	789
3050	16468	16468	31
3051	16469	16469	273
3052	16470	16470	530
3053	16471	16471	141
3054	16473	16473	195
3055	16474	16474	918
3056	16475	16475	319
3057	16477	16477	1415
3058	16478	16478	224
3059	16479	16479	102
3060	16480	16480	455
3061	16482	16482	346
3062	16483	16483	44
3063	16484	16484	194
3064	16485	16485	235
3065	16488	16488	724
3066	16491	16491	478
3067	16493	16493	1113
3068	16494	16494	675
3069	16495	16495	337
3070	16496	16496	1091
3071	16497	16497	1396
3072	16498	16498	42
3073	16499	16499	122
3074	16500	16500	123
3075	16503	16503	567
3076	16504	16504	524
3077	16505	16505	576
3078	16506	16506	42
3079	16509	16509	64
3080	16510	16510	92
3081	16511	16511	417
3082	16513	16513	407
3083	16515	16515	833
3084	16516	16516	58
3085	16517	16517	96
3086	16518	16518	325
3087	16519	16519	54
3088	16520	16520	557
3089	16523	16523	4233
3090	16525	16525	6493
3091	16526	16526	106
3092	16527	16527	106
3093	16528	16528	171
3094	16529	16529	198
3095	16531	16531	915
3096	16532	16532	2016
3097	16533	16533	514
3098	16535	16535	356
3099	16536	16536	250
3100	16539	16539	477
3101	16542	16542	46
3102	16545	16545	78
3104	16549	16549	2365
3105	16550	16550	1526
3106	16551	16551	970
3107	16552	16552	219
3108	16553	16553	4595
3109	16554	16554	311
3110	16555	16555	175
3111	16556	16556	1890
3112	16557	16557	111
3113	16558	16558	5346
3114	16560	16560	498
3115	16561	16561	244
3116	16563	16563	486
3117	16565	16565	46
3118	16566	16566	361
3119	16567	16567	996
3120	16569	16569	93
3121	16570	16570	2050
3122	16571	16571	1176
3123	16572	16572	530
3124	16573	16573	354
3125	16574	16574	416
3127	16581	16581	122
3128	16582	16582	164
3129	16583	16583	111
3130	16584	16584	635
3131	16586	16586	95
3132	16587	16587	71
3133	16589	16589	368
3134	16591	16591	41
3135	16592	16592	2914
3136	16593	16593	116
3137	16594	16594	64
3138	16595	16595	335
3139	16596	16596	97
3140	16597	16597	184
3141	16598	16598	70
3142	16600	16600	1145
3143	16601	16601	134
3144	16602	16602	317
3145	16603	16603	480
3146	16607	16607	2822
3147	16609	16609	2410
3148	16610	16610	66
3149	16611	16611	46
3150	16612	16612	506
3151	16613	16613	293
3152	16614	16614	223
3153	16616	16616	370
3154	16617	16617	91
3155	16618	16618	1362
3156	16619	16619	129
3157	16620	16620	88
3158	16621	16621	302
3159	16623	16623	39
3160	16624	16624	488
3161	16625	16625	164
3162	16626	16626	2670
3163	16627	16627	162
3164	16628	16628	1202
3165	16629	16629	493
3166	16633	16633	1137
3167	16634	16634	82
3168	16637	16637	891
3169	16638	16638	1254
3170	16639	16639	503
3171	16641	16641	256
3172	16642	16642	478
3173	16643	16643	269
3174	16644	16644	826
3175	16647	16647	146
3176	16648	16648	269
3177	16650	16650	372
3178	16652	16652	3267
3179	16653	16653	723
3180	16654	16654	280
3181	16655	16655	2367
3182	16656	16656	8873
3183	16657	16657	1229
3184	16658	16658	40
3185	16659	16659	72
3186	16660	16660	451
3187	16665	16665	59
3188	16666	16666	233
3189	16667	16667	237
3190	16668	16668	318
3191	16669	16669	883
3192	16670	16670	2524
3193	16671	16671	875
3194	16672	16672	2812
3195	16674	16674	188
3196	16676	16676	631
3197	16678	16678	2368
3198	16679	16679	29
3199	16680	16680	94
3200	16681	16681	1407
3201	16682	16682	1040
3202	16684	16684	49390
3203	16685	16685	396
3204	16686	16686	2025
3205	16688	16688	804
3206	16689	16689	168
3207	16690	16690	137
3208	16692	16692	152
3209	16693	16693	204
3210	16696	16696	146
3211	16697	16697	27
3212	16698	16698	840
3213	16700	16700	4019
3214	16701	16701	6211
3215	16705	16705	5458
3216	16706	16706	249
3217	16708	16708	285
3218	16709	16709	851
3219	16710	16710	1836
3220	16711	16711	833
3221	16712	16712	1749
3222	16713	16713	4264
3223	16714	16714	608
3224	16715	16715	642
3225	16716	16716	44
3226	16717	16717	1568
3227	16718	16718	413
3228	16719	16719	1202
3229	16720	16720	182
3230	16721	16721	172
3231	16722	16722	4989
3232	16723	16723	399
3233	16725	16725	293
3234	16726	16726	977
3235	16727	16727	177
3236	16728	16728	677
3237	16729	16729	5769
3238	16730	16730	898
3239	16732	16732	317
3240	16734	16734	346
3241	16735	16735	1554
3242	16737	16737	288
3243	16738	16738	3
3244	16739	16739	169
3246	16743	16743	2010
3247	16744	16744	805
3248	16745	16745	6727
3249	16746	16746	4662
3250	16747	16747	577
3251	16748	16748	880
3252	16750	16750	214
3253	16751	16751	1031
3254	16752	16752	54
3255	16753	16753	189
3256	16754	16754	4280
3257	16755	16755	1058
3258	16756	16756	106
3259	16757	16757	81
3260	16758	16758	203
3261	16759	16759	608
3262	16761	16761	341
3263	16762	16762	618
3264	16763	16763	318
3265	16764	16764	1247
3266	16765	16765	4
3267	16766	16766	536
3268	16767	16767	4435
3269	16768	16768	191
3270	16769	16769	83
3271	16770	16770	452
3272	16771	16771	1489
3273	16773	16773	171
3274	16774	16774	318
3275	16775	16775	440
3276	16776	16776	262
3277	16777	16777	64
3278	16778	16778	194
3279	16779	16779	5236
3280	16780	16780	271
3281	16781	16781	111
3282	16782	16782	703
3283	16784	16784	24
3284	16788	16788	311
3285	16789	16789	32
3286	16790	16790	892
3287	16791	16791	759
3288	16792	16792	44
3289	16793	16793	146
3290	16794	16794	933
3291	16795	16795	239
3292	16796	16796	186
3293	16800	16800	540
3294	16801	16801	313
3295	16803	16803	245
3296	16804	16804	246
3297	16805	16805	539
3298	16806	16806	378
3299	16807	16807	778
3300	16808	16808	196
3301	16809	16809	651
3302	16810	16810	112
3303	16811	16811	477
3304	16812	16812	81
3305	16813	16813	1525
3306	16814	16814	2768
3307	16816	16816	274
3308	16817	16817	762
3309	16818	16818	2163
3310	16820	16820	307
3311	16823	16823	136
3312	16824	16824	236
3313	16825	16825	566
3314	16826	16826	158
3315	16828	16828	59
3316	16829	16829	99
3317	16830	16830	264
3318	16832	16832	33
3319	16833	16833	440
3320	16834	16834	358
3321	16835	16835	61
3322	16836	16836	165
3323	16837	16837	1562
3324	16838	16838	184
3325	16839	16839	8470
3326	16841	16841	2234
3327	16842	16842	692
3328	16843	16843	10154
3329	16846	16846	135
3330	16847	16847	78
3331	16848	16848	182
3332	16849	16849	33
3333	16850	16850	249
3334	16851	16851	271
3335	16852	16852	56
3336	16855	16855	164
3337	16856	16856	12
3338	16858	16858	83
3339	16859	16859	656
3340	16861	16861	133
3341	16863	16863	392
3342	16866	16866	60
3343	16869	16869	581
3344	16871	16871	1250
3345	16872	16872	600
3346	16873	16873	3825
3347	16875	16875	1044
3348	16877	16877	463
3349	16878	16878	1
3350	16880	16880	753
3351	16881	16881	600
3352	16882	16882	424
3353	16883	16883	104
3354	16884	16884	320
3355	16885	16885	184
3356	16887	16887	157
3357	16889	16889	925
3358	16891	16891	283
3359	16892	16892	235
3360	16893	16893	62
3361	16895	16895	102
3362	16897	16897	58
3363	16898	16898	386
3364	16899	16899	522
3365	16900	16900	723
3366	16902	16902	629
3367	16903	16903	262
3368	16904	16904	2034
3369	16905	16905	1407
3370	16906	16906	281
3371	16907	16907	298
3372	16909	16909	434
3373	16910	16910	886
3374	16912	16912	1014
3375	16913	16913	82
3376	16914	16914	121
3377	16915	16915	132
3378	16916	16916	440
3379	16917	16917	232
3380	16918	16918	708
3381	16919	16919	1413
3382	16921	16921	171
3383	16923	16923	3183
3384	16924	16924	480
3385	16926	16926	35
3386	16927	16927	993
3387	16928	16928	2094
3388	16929	16929	929
3389	16930	16930	341
3390	16931	16931	3158
3391	16932	16932	87
3392	16933	16933	281
3393	16934	16934	399
3394	16936	16936	173
3395	16938	16938	1025
3396	16940	16940	2169
3397	16942	16942	807
3398	16943	16943	145
3399	16945	16945	2725
3400	16947	16947	312
3401	16948	16948	1614
3402	16949	16949	790
3403	16950	16950	644
3404	16951	16951	1306
3405	16952	16952	92
3406	16953	16953	10
3407	16954	16954	1054
3408	16955	16955	246
3409	16956	16956	112
3410	16957	16957	172
3411	16959	16959	49
3412	16960	16960	304
3413	16961	16961	125
3414	16963	16963	35
3415	16965	16965	291
3416	16966	16966	1978
3417	16967	16967	333
3418	16968	16968	326
3419	16969	16969	816
3420	16971	16971	71
3421	16976	16976	88
3422	16978	16978	166
3423	16979	16979	860
3424	16980	16980	788
3425	16982	16982	182
3426	16983	16983	1366
3427	16984	16984	2408
3428	16985	16985	1830
3429	16986	16986	1040
3430	16987	16987	402
3431	16988	16988	43
3432	16989	16989	1233
3433	16990	16990	100
3434	16992	16992	857
3436	16996	16996	534
3437	16997	16997	360
3438	16998	16998	73
3439	16999	16999	294
3440	17001	17001	2164
3441	17002	17002	678
3442	17004	17004	819
3443	17006	17006	272
3444	17007	17007	587
3445	17010	17010	116
3446	17011	17011	186
3447	17014	17014	240
3448	17015	17015	1981
3449	17017	17017	6613
3450	17018	17018	176
3451	17019	17019	827
3452	17022	17022	108
3453	17024	17024	69
3454	17025	17025	235
3455	17026	17026	97
3456	17027	17027	415
3457	17029	17029	400
3458	17030	17030	146
3459	17031	17031	235
3460	17033	17033	750
3461	17034	17034	406
3462	17035	17035	201
3463	17037	17037	652
3464	17038	17038	28
3465	17040	17040	181
3466	17041	17041	947
3467	17042	17042	994
3468	17043	17043	998
3469	17044	17044	487
3470	17045	17045	106
3471	17046	17046	510
3472	17047	17047	533
3473	17048	17048	474
3474	17049	17049	2669
3475	17050	17050	1614
3476	17051	17051	184
3477	17052	17052	261
3478	17053	17053	121
3479	17054	17054	802
3480	17058	17058	592
3481	17059	17059	1855
3482	17060	17060	216
3483	17061	17061	1484
3484	17062	17062	428
3485	17063	17063	763
3486	17064	17064	318
3488	17068	17068	2154
3489	17069	17069	1482
3490	17070	17070	133
3491	17071	17071	1182
3492	17073	17073	759
3493	17075	17075	289
3494	17076	17076	295
3495	17078	17078	788
3496	17079	17079	24
3497	17080	17080	164
3498	17081	17081	78
3499	17082	17082	1049
3500	17083	17083	772
3501	17084	17084	1816
3502	17085	17085	784
3503	17086	17086	1859
3504	17088	17088	868
3505	17090	17090	920
3506	17091	17091	1743
3507	17092	17092	1131
3508	17094	17094	148
3509	17095	17095	613
3510	17096	17096	332
3511	17097	17097	457
3512	17100	17100	800
3513	17101	17101	815
3514	17102	17102	2
3515	17105	17105	693
3516	17107	17107	4537
3517	17109	17109	573
3518	17110	17110	50
3519	17111	17111	302
3520	17114	17114	210
3521	17115	17115	368
3522	17117	17117	68
3523	17118	17118	154
3524	17119	17119	327
3525	17120	17120	120
3526	17122	17122	80
3527	17123	17123	246
3528	17124	17124	130
3529	17125	17125	291
3530	17126	17126	790
3531	17128	17128	76
3532	17131	17131	983
3533	17133	17133	2730
3534	17134	17134	102
3535	17135	17135	1224
3536	17138	17138	126
3537	17139	17139	5163
3538	17140	17140	302
3539	17142	17142	81
3540	17144	17144	483
3541	17146	17146	212
3542	17147	17147	878
3543	17148	17148	82
3544	17152	17152	477
3545	17153	17153	104
3546	17154	17154	490
3547	17155	17155	242
3548	17157	17157	169
3549	17158	17158	778
3550	17159	17159	1110
3551	17160	17160	2856
3552	17162	17162	1000
3553	17163	17163	66
3554	17164	17164	1500
3555	17165	17165	100
3556	17166	17166	75
3557	17169	17169	519
3558	17171	17171	185
3559	17172	17172	479
3560	17173	17173	1121
3561	17174	17174	41
3562	17175	17175	865
3563	17176	17176	170
3564	17179	17179	290
3565	17180	17180	680
3566	17181	17181	241
3567	17183	17183	1264
3568	17186	17186	200
3569	17187	17187	144
3570	17188	17188	1301
3571	17189	17189	227
3572	17190	17190	160
3573	17191	17191	1167
3574	17193	17193	1238
3575	17194	17194	119
3576	17197	17197	191
3577	17198	17198	357
3578	17201	17201	268
3579	17203	17203	2850
3580	17204	17204	589
3581	17205	17205	884
3582	17206	17206	76
3583	17211	17211	1310
3584	17212	17212	147
3585	17213	17213	1167
3586	17214	17214	275
3587	17217	17217	24
3588	17218	17218	958
3589	17219	17219	89
3590	17220	17220	1905
3591	17221	17221	288
3592	17222	17222	128
3593	17223	17223	112
3594	17226	17226	406
3595	17227	17227	741
3596	17228	17228	1532
3597	17229	17229	185
3598	17230	17230	1553
3599	17231	17231	1736
3600	17232	17232	203
3601	17233	17233	131
3602	17234	17234	55
3603	17235	17235	224
3604	17236	17236	474
3605	17237	17237	105
3606	17238	17238	1822
3607	17239	17239	149
3608	17242	17242	611
3609	17243	17243	3362
3610	17244	17244	616
3611	17245	17245	75
3612	17247	17247	106
3613	17248	17248	213
3614	17250	17250	168
3615	17251	17251	110
3616	17252	17252	193
3617	17253	17253	43
3618	17254	17254	252
3619	17255	17255	232
3620	17256	17256	141
3621	17259	17259	410
3622	17262	17262	367
3623	17263	17263	36
3624	17265	17265	394
3625	17266	17266	161
3626	17267	17267	159
3627	17268	17268	844
3628	17272	17272	1776
3629	17274	17274	79
3630	17277	17277	430
3631	17278	17278	179
3632	17279	17279	48
3633	17282	17282	1877
3634	17284	17284	1362
3635	17286	17286	118
3636	17287	17287	559
3637	17288	17288	1203
3638	17289	17289	519
3639	17290	17290	404
3640	17291	17291	72
3641	17293	17293	1140
3642	17295	17295	294
3643	17297	17297	67
3644	17298	17298	387
3645	17299	17299	678
3646	17301	17301	149
3647	17302	17302	573
3648	17303	17303	144
3649	17306	17306	11470
3651	17309	17309	41
3652	17311	17311	1005
3653	17312	17312	372
3654	17313	17313	1382
3655	17314	17314	1884
3656	17315	17315	3856
3657	17317	17317	1074
3658	17320	17320	634
3659	17321	17321	373
3660	17323	17323	770
3661	17324	17324	844
3662	17325	17325	60
3663	17329	17329	142
3664	17330	17330	120
3665	17331	17331	16
3666	17333	17333	375
3667	17334	17334	314
3668	17337	17337	1240
3669	17338	17338	3123
3670	17339	17339	152
3671	17340	17340	5902
3672	17341	17341	489
3673	17343	17343	56
3674	17344	17344	66
3675	17345	17345	346
3676	17346	17346	1639
3677	17347	17347	216
3678	17348	17348	1401
3679	17349	17349	112
3680	17350	17350	759
3681	17351	17351	113
3682	17353	17353	1200
3683	17354	17354	1006
3684	17356	17356	166
3685	17357	17357	153
3686	17358	17358	202
3687	17359	17359	161
3688	17360	17360	335
3689	17361	17361	157
3690	17362	17362	191
3691	17364	17364	2680
3692	17365	17365	4777
3693	17367	17367	150
3694	17368	17368	680
3695	17370	17370	540
3696	17371	17371	152
3697	17372	17372	749
3698	17373	17373	408
3699	17374	17374	85
3700	17375	17375	361
3701	17376	17376	86
3702	17377	17377	2075
3703	17379	17379	663
3704	17381	17381	25646
3705	17382	17382	25
3706	17383	17383	150
3707	17384	17384	88
3708	17385	17385	201
3709	17386	17386	1902
3710	17387	17387	542
3711	17388	17388	1068
3712	17389	17389	7430
3713	17391	17391	480
3714	17392	17392	320
3715	17394	17394	241
3716	17396	17396	2005
3717	17397	17397	254
3718	17398	17398	310
3719	17400	17400	1097
3720	17402	17402	701
3721	17403	17403	117
3722	17404	17404	32324
3723	17405	17405	705
3724	17406	17406	784
3725	17408	17408	3
3726	17409	17409	105
3727	17410	17410	616
3728	17411	17411	298
3729	17412	17412	738
3730	17414	17414	2100
3731	17415	17415	114
3732	17416	17416	4266
3733	17418	17418	289
3734	17419	17419	1872
3735	17420	17420	265
3736	17422	17422	2195
3737	17423	17423	421
3738	17425	17425	407
3739	17426	17426	3082
3740	17427	17427	34
3741	17428	17428	9435
3742	17429	17429	616
3743	17430	17430	190
3744	17431	17431	292
3745	17432	17432	207
3746	17433	17433	185
3747	17434	17434	1685
3748	17436	17436	90
3749	17438	17438	100
3750	17440	17440	232
3751	17442	17442	1490
3752	17443	17443	504
3753	17444	17444	2119
3754	17446	17446	198
3755	17447	17447	443
3757	17449	17449	1115
3758	17450	17450	69029
3759	17451	17451	1178
3760	17453	17453	219
3761	17454	17454	243
3762	17455	17455	66
3763	17456	17456	222
3764	17457	17457	826
3765	17458	17458	170
3766	17459	17459	537
3767	17460	17460	176
3768	17461	17461	799
3769	17462	17462	224
3770	17463	17463	1090
3771	17464	17464	220
3772	17466	17466	306
3773	17468	17468	116
3774	17469	17469	778
3775	17470	17470	1675
3776	17472	17472	462
3777	17475	17475	178
3778	17480	17480	336
3779	17481	17481	1060
3780	17483	17483	191
3781	17486	17486	191
3782	17489	17489	428
3783	17490	17490	1021
3784	17491	17491	2012
3785	17492	17492	155
3786	17495	17495	229
3787	17496	17496	79
3788	17498	17498	394
3789	17499	17499	711
3790	17500	17500	17
3791	17501	17501	160
3792	17502	17502	376
3793	17503	17503	486
3794	17504	17504	1456
3795	17505	17505	556
3796	17506	17506	136
3797	17507	17507	359
3798	17508	17508	289
3799	17509	17509	3530
3800	17510	17510	214
3801	17511	17511	63012
3802	17512	17512	2752
3803	17513	17513	254
3804	17514	17514	135
3805	17515	17515	243
3806	17516	17516	416
3807	17517	17517	102
3808	17519	17519	1233
3809	17520	17520	365
3810	17521	17521	518
3811	17522	17522	1034
3812	17523	17523	872
3813	17524	17524	90
3814	17525	17525	82
3815	17526	17526	257
3816	17527	17527	463
3817	17528	17528	2130
3818	17530	17530	1526
3819	17531	17531	135
3820	17534	17534	103
3821	17535	17535	136
3822	17536	17536	6
3823	17537	17537	700
3824	17538	17538	134
3825	17540	17540	193
3826	17542	17542	134
3827	17545	17545	341
3830	17549	17549	210
3831	17550	17550	86
3832	17551	17551	150
3833	17552	17552	708
3834	17553	17553	1048
3835	17554	17554	1763
3836	17555	17555	349
3837	17556	17556	101
3838	17557	17557	306
3839	17560	17560	651
3840	17561	17561	146
3841	17562	17562	813
3842	17564	17564	146
3843	17566	17566	518
3844	17567	17567	2428
3845	17569	17569	159
3846	17571	17571	905
3847	17572	17572	95
3848	17573	17573	302
3849	17574	17574	77
3850	17576	17576	1954
3851	17578	17578	90
3852	17579	17579	256
3853	17580	17580	88
3854	17581	17581	5861
3855	17582	17582	123
3856	17584	17584	446
3857	17585	17585	1671
3858	17588	17588	676
3859	17589	17589	1631
3860	17590	17590	828
3861	17591	17591	1008
3862	17593	17593	3095
3863	17594	17594	550
3864	17595	17595	229
3865	17596	17596	4400
3866	17597	17597	1176
3867	17600	17600	144
3868	17601	17601	103
3869	17602	17602	4135
3871	17604	17604	169
3872	17608	17608	232
3873	17609	17609	721
3874	17611	17611	2552
3875	17612	17612	1787
3876	17613	17613	2470
3877	17614	17614	238
3878	17615	17615	140
3879	17616	17616	224
3880	17618	17618	331
3881	17619	17619	127
3882	17620	17620	60
3883	17621	17621	510
3884	17623	17623	265
3885	17624	17624	554
3886	17625	17625	1198
3887	17628	17628	79
3888	17629	17629	1621
3889	17630	17630	158
3890	17631	17631	334
3891	17633	17633	630
3892	17634	17634	840
3893	17636	17636	176
3894	17637	17637	280
3895	17639	17639	49
3896	17640	17640	250
3897	17642	17642	474
3898	17643	17643	71
3899	17644	17644	1741
3900	17646	17646	320
3901	17647	17647	30
3902	17648	17648	486
3903	17649	17649	398
3904	17650	17650	150
3905	17651	17651	3100
3906	17652	17652	2479
3907	17653	17653	1401
3908	17654	17654	41
3909	17655	17655	956
3910	17656	17656	1399
3911	17658	17658	522
3912	17659	17659	1486
3913	17660	17660	130
3914	17663	17663	793
3915	17664	17664	604
3916	17666	17666	596
3917	17667	17667	1037
3918	17668	17668	93
3919	17669	17669	1916
3920	17670	17670	110
3921	17671	17671	659
3922	17672	17672	1672
3923	17673	17673	1485
3924	17674	17674	672
3925	17675	17675	8278
3926	17676	17676	931
3927	17677	17677	9725
3928	17678	17678	207
3929	17679	17679	729
3930	17680	17680	96
3931	17682	17682	1365
3932	17684	17684	145
3933	17685	17685	1956
3934	17686	17686	2478
3935	17690	17690	1767
3936	17691	17691	134
3937	17692	17692	666
3938	17693	17693	229
3939	17694	17694	184
3940	17695	17695	779
3941	17696	17696	1730
3942	17697	17697	93
3943	17698	17698	93
3944	17700	17700	1261
3945	17701	17701	109
3946	17702	17702	1320
3947	17703	17703	590
3948	17704	17704	343
3949	17705	17705	957
3950	17706	17706	3833
3951	17707	17707	144
3952	17708	17708	91
3953	17709	17709	17
3954	17711	17711	246
3955	17712	17712	215
3956	17714	17714	92
3957	17715	17715	384
3958	17716	17716	3004
3959	17718	17718	83
3960	17719	17719	2455
3961	17720	17720	576
3962	17722	17722	1572
3963	17723	17723	792
3964	17724	17724	289
3965	17725	17725	2141
3966	17727	17727	639
3967	17728	17728	1464
3968	17730	17730	3567
3969	17731	17731	392
3970	17732	17732	93
3971	17733	17733	463
3972	17734	17734	422
3973	17735	17735	8439
3974	17736	17736	237
3975	17737	17737	108
3976	17738	17738	1027
3977	17739	17739	856
3978	17742	17742	89
3979	17744	17744	3376
3980	17746	17746	26
3981	17747	17747	11
3982	17749	17749	320
3983	17750	17750	3957
3984	17752	17752	192
3985	17754	17754	1820
3986	17757	17757	3316
3987	17758	17758	2091
3988	17759	17759	708
3989	17760	17760	239
3990	17761	17761	398
3991	17763	17763	12
3992	17764	17764	395
3993	17765	17765	144
3994	17767	17767	128
3995	17768	17768	1186
3996	17769	17769	1857
3997	17770	17770	365
3998	17771	17771	287
3999	17772	17772	58
4000	17774	17774	511
4001	17775	17775	72
4002	17777	17777	507
4003	17779	17779	394
4004	17781	17781	34
4005	17783	17783	354
4006	17785	17785	67
4007	17786	17786	200
4008	17787	17787	910
4009	17788	17788	211
4010	17789	17789	74
4011	17790	17790	836
4012	17791	17791	46
4013	17793	17793	232
4014	17795	17795	341
4015	17796	17796	178
4016	17797	17797	498
4017	17799	17799	1755
4018	17800	17800	736
4019	17802	17802	743
4020	17805	17805	478
4021	17806	17806	727
4022	17809	17809	2015
4023	17811	17811	4128
4024	17812	17812	350
4025	17813	17813	777
4026	17816	17816	30
4027	17817	17817	67
4028	17819	17819	1027
4030	17824	17824	408
4031	17827	17827	1247
4032	17828	17828	641
4033	17829	17829	496
4034	17830	17830	92
4035	17831	17831	12
4036	17832	17832	208
4037	17835	17835	348
4038	17836	17836	88
4039	17837	17837	515
4040	17838	17838	1421
4041	17839	17839	285
4042	17841	17841	22865
4043	17843	17843	113
4044	17844	17844	52
4045	17846	17846	1
4046	17848	17848	398
4047	17849	17849	114
4048	17850	17850	1693
4049	17852	17852	53
4050	17854	17854	84
4051	17855	17855	197
4052	17856	17856	826
4053	17857	17857	19086
4054	17858	17858	2706
4055	17859	17859	127
4056	17860	17860	104
4057	17861	17861	1968
4058	17862	17862	100
4059	17863	17863	2638
4060	17864	17864	810
4061	17865	17865	5698
4062	17866	17866	173
4063	17867	17867	253
4064	17869	17869	111
4065	17870	17870	1400
4066	17871	17871	182
4067	17873	17873	999
4068	17874	17874	209
4069	17877	17877	98
4070	17878	17878	401
4071	17879	17879	45
4072	17880	17880	314
4073	17881	17881	32
4074	17883	17883	379
4075	17884	17884	854
4076	17885	17885	167
4077	17886	17886	481
4078	17887	17887	30
4079	17888	17888	431
4080	17889	17889	79
4081	17890	17890	416
4082	17891	17891	393
4083	17892	17892	109
4084	17893	17893	161
4085	17894	17894	405
4086	17895	17895	130
4087	17896	17896	288
4088	17897	17897	223
4089	17898	17898	190
4090	17899	17899	171
4091	17900	17900	1
4092	17901	17901	24
4093	17904	17904	62
4094	17905	17905	407
4095	17906	17906	26
4096	17908	17908	173
4097	17911	17911	223
4098	17912	17912	183
4099	17913	17913	289
4100	17914	17914	473
4101	17917	17917	187
4102	17919	17919	756
4103	17920	17920	2516
4104	17921	17921	430
4105	17923	17923	50
4106	17924	17924	1141
4107	17925	17925	72
4108	17926	17926	306
4109	17928	17928	140
4110	17929	17929	107
4111	17930	17930	1594
4112	17931	17931	249
4113	17932	17932	789
4114	17934	17934	478
4115	17935	17935	82
4116	17936	17936	262
4117	17937	17937	1754
4118	17939	17939	40
4119	17940	17940	9751
4120	17941	17941	252
4121	17942	17942	38
4122	17946	17946	75
4123	17947	17947	168
4124	17948	17948	144
4125	17949	17949	27571
4126	17950	17950	342
4127	17951	17951	610
4128	17954	17954	2229
4129	17955	17955	273
4130	17956	17956	1
4131	17957	17957	287
4132	17958	17958	84
4133	17960	17960	41
4134	17961	17961	560
4135	17962	17962	128
4136	17964	17964	301
4137	17965	17965	1556
4138	17966	17966	2571
4139	17967	17967	80
4140	17968	17968	160
4141	17969	17969	152
4142	17970	17970	525
4143	17972	17972	37
4144	17973	17973	176
4145	17974	17974	519
4146	17975	17975	1552
4147	17976	17976	106
4148	17977	17977	342
4149	17978	17978	499
4150	17979	17979	395
4151	17980	17980	682
4152	17984	17984	98
4153	17985	17985	183
4154	17986	17986	10
4155	17987	17987	261
4156	17988	17988	42
4157	17990	17990	414
4158	17991	17991	25
4159	17994	17994	473
4160	17995	17995	133
4161	17997	17997	2078
4162	17999	17999	221
4163	18001	18001	363
4164	18004	18004	78
4165	18005	18005	93
4166	18006	18006	220
4167	18008	18008	1581
4168	18009	18009	124
4169	18010	18010	60
4170	18011	18011	71
4171	18013	18013	285
4172	18014	18014	68
4173	18015	18015	157
4174	18016	18016	1029
4175	18017	18017	300
4176	18018	18018	55
4177	18019	18019	7
4178	18022	18022	736
4179	18024	18024	148
4180	18027	18027	78
4181	18030	18030	66
4182	18032	18032	42
4183	18033	18033	253
4184	18034	18034	561
4185	18035	18035	611
4186	18036	18036	234
4187	18037	18037	20
4188	18040	18040	148
4189	18041	18041	3810
4190	18042	18042	33
4191	18043	18043	282
4192	18044	18044	1032
4193	18045	18045	142
4194	18048	18048	127
4195	18050	18050	40
4196	18053	18053	301
4197	18055	18055	2450
4198	18056	18056	211
4199	18058	18058	88
4200	18059	18059	258
4201	18061	18061	955
4202	18062	18062	396
4203	18064	18064	384
4204	18065	18065	1024
4205	18066	18066	108
4206	18067	18067	189
4207	18068	18068	6
4208	18069	18069	1308
4209	18071	18071	260
4210	18072	18072	46
4211	18073	18073	3098
4212	18074	18074	190
4213	18075	18075	1437
4214	18077	18077	1878
4215	18078	18078	145
4216	18079	18079	7432
4217	18080	18080	642
4218	18081	18081	195
4219	18082	18082	621
4220	18084	18084	311
4221	18085	18085	265
4222	18086	18086	106
4223	18087	18087	3571
4224	18088	18088	109
4225	18092	18092	4250
4226	18093	18093	1381
4227	18094	18094	2518
4228	18095	18095	419
4229	18096	18096	825
4230	18097	18097	1685
4231	18099	18099	149
4232	18101	18101	88
4233	18102	18102	64122
4234	18104	18104	362
4235	18105	18105	46
4236	18106	18106	128
4237	18108	18108	82
4238	18109	18109	4219
4239	18110	18110	79
4240	18112	18112	255
4241	18113	18113	72
4242	18114	18114	55
4243	18116	18116	848
4244	18117	18117	618
4245	18118	18118	2877
4246	18119	18119	125
4247	18120	18120	31
4248	18121	18121	450
4249	18122	18122	1234
4250	18123	18123	594
4251	18125	18125	803
4252	18126	18126	144
4253	18127	18127	188
4254	18129	18129	48
4255	18130	18130	817
4256	18133	18133	1
4257	18135	18135	349
4258	18136	18136	373
4259	18138	18138	38
4260	18139	18139	5461
4262	18142	18142	1273
4263	18143	18143	570
4264	18144	18144	1343
4265	18145	18145	2625
4266	18146	18146	153
4267	18147	18147	203
4268	18149	18149	310
4269	18150	18150	332
4270	18151	18151	355
4271	18154	18154	255
4272	18155	18155	258
4273	18156	18156	301
4274	18158	18158	353
4275	18159	18159	139
4276	18160	18160	294
4277	18161	18161	810
4278	18164	18164	183
4279	18165	18165	254
4280	18167	18167	359
4281	18168	18168	585
4282	18169	18169	61
4283	18170	18170	409
4284	18171	18171	477
4285	18172	18172	3170
4286	18173	18173	1220
4287	18174	18174	50
4288	18176	18176	279
4289	18177	18177	705
4290	18178	18178	979
4291	18179	18179	1360
4292	18180	18180	1721
4293	18181	18181	146
4294	18183	18183	362
4295	18184	18184	60
4296	18185	18185	183
4297	18188	18188	1167
4298	18189	18189	564
4299	18190	18190	139
4300	18191	18191	140
4301	18192	18192	339
4302	18193	18193	120
4303	18194	18194	448
4304	18196	18196	433
4305	18198	18198	3839
4306	18200	18200	111
4307	18202	18202	581
4308	18203	18203	43
4309	18204	18204	1198
4310	18205	18205	192
4311	18209	18209	58
4312	18210	18210	1398
4313	18211	18211	359
4314	18212	18212	101
4315	18213	18213	232
4316	18215	18215	118
4317	18216	18216	200
4318	18217	18217	491
4319	18218	18218	546
4320	18219	18219	883
4321	18220	18220	282
4322	18221	18221	789
4323	18222	18222	335
4324	18223	18223	2890
4325	18224	18224	69
4326	18225	18225	3206
4327	18226	18226	3459
4328	18227	18227	21
4329	18228	18228	236
4330	18229	18229	2488
4331	18230	18230	1298
4332	18231	18231	808
4333	18232	18232	299
4334	18233	18233	4
4335	18235	18235	1578
4336	18236	18236	403
4337	18237	18237	622
4338	18239	18239	795
4339	18240	18240	126
4340	18241	18241	1047
4341	18242	18242	1017
4342	18245	18245	1781
4343	18246	18246	166
4344	18248	18248	501
4345	18249	18249	128
4346	18250	18250	198
4347	18251	18251	7824
4348	18252	18252	239
4349	18255	18255	74
4351	18257	18257	1010
4352	18259	18259	714
4353	18260	18260	1469
4354	18261	18261	146
4355	18262	18262	182
4356	18263	18263	1467
4357	18265	18265	311
4358	18268	18268	1
4359	18269	18269	70
4360	18270	18270	97
4361	18272	18272	2044
4362	18273	18273	80
4363	18274	18274	1
4364	18276	18276	184
4365	18277	18277	67
4366	18278	18278	66
4367	18280	18280	45
4368	18281	18281	54
4369	18282	18282	98
4370	18283	18283	1397
4371	18287	18287	1586
